<data><marketplaceId>A1PA6795UKMFR9</marketplaceId><quantity>1</quantity><orderId>304-2607947-7920369</orderId><merchantId>A1JLJW2WT6ZDLU</merchantId><customizationData><children><children><children><displayValue>Nein</displayValue><name>Schutzfolie</name><label>Schutzfolie</label><type>OptionCustomization</type><optionSelection><name>Nein</name><label>Nein</label><additionalCost><amount>0</amount><currency>EUR</currency></additionalCost></optionSelection></children><children><displayValue>Kein Symbol</displayValue><name>Symbol</name><label>Symbol</label><type>OptionCustomization</type><optionSelection><name>Kein Symbol</name><label>Kein Symbol</label><additionalCost><amount>0</amount><currency>EUR</currency></additionalCost></optionSelection></children><children><children><name/><label>Schriftart</label><type>FontCustomization</type><fontSelection><family>Bonita</family></fontSelection></children><children><colorSelection><name>Weiß C1</name><colorModel>rgb</colorModel><value>#000000</value></colorSelection><name/><label>Schriftfarbe</label><type>ColorCustomization</type></children><children><children><children><children><name/><inputValue>Adrian Winkler</inputValue><label>Text</label><type>TextCustomization</type></children><priceDelta><amount>0</amount></priceDelta><type>FlatRatePriceDeltaContainerCustomization</type></children><name>Text</name><label>Entrada de texto 1</label><position><x>97</x><y>164</y></position><type>PlacementContainerCustomization</type><dimension><width>249</width><height>35</height></dimension></children><type>ContainerCustomization</type></children><name>Schriftart</name><label>Texto 1</label><type>ContainerCustomization</type></children><type>FlatContainerCustomization</type></children><svg>8574c55c-8b08-f905-705a-e8aef4433211.svg</svg><name>Hintergrund</name><baseImage><imageUrl>https://m.media-amazon.com/images/S/gestalt-seller-images-prod-eu-west-1/A1PA6795UKMFR9/A1JLJW2WT6ZDLU/e8d15f56-9308-4e0b-af29-a81793c49b90.jpg</imageUrl><dimension><width>400</width><height>400</height></dimension></baseImage><label>Hintergrund</label><type>PreviewContainerCustomization</type><snapshot><imageName>09fd9487-42b1-f616-8c0b-3ddcaf884425.jpg</imageName><dimension><width>400</width><height>400</height></dimension></snapshot></children><type>PageContainerCustomization</type></customizationData><orderItemId>28476429066762</orderItemId><asin>B074PVZ2V4</asin><customizationInfo><version3.0><surfaces><name>Hintergrund</name><areas><optionValue>Nein</optionValue><name>Schutzfolie</name><priceDelta><currency>EUR</currency><value>0.0</value></priceDelta><label>Schutzfolie</label><customizationType>Options</customizationType><optionImage/></areas><areas><optionValue>Kein Symbol</optionValue><name>Symbol</name><priceDelta><currency>EUR</currency><value>0.0</value></priceDelta><label>Symbol</label><customizationType>Options</customizationType><optionImage/></areas><areas><colorName>Weiß C1</colorName><fontFamily>Bonita</fontFamily><Position><x>97</x><y>164</y></Position><name>Text</name><Dimensions><width>249</width><height>35</height></Dimensions><priceDelta><value>0.0</value></priceDelta><label>Text</label><text>Adrian Winkler</text><fill>#000000</fill><customizationType>TextPrinting</customizationType></areas></surfaces></version3.0></customizationInfo><title>50 personalisierte Namensaufkleber zum Markieren von Bleistiften und Kugelschreibern. Bunte wasserfeste Vinyl-Klebeetiketten für Kinder und Jugendliche in Schule und Kindergarten. Größe 4,6 x 0,6 cm.</title><legacyOrderItemId>46194028986739</legacyOrderItemId></data>