<data><marketplaceId>A13V1IB3VIYZZH</marketplaceId><quantity>4</quantity><orderId>171-3196881-2667520</orderId><merchantId>A1JLJW2WT6ZDLU</merchantId><customizationData><children><children><children><displayValue>Noir</displayValue><name>Desplegable de opciones 1</name><label>Couleur</label><type>OptionCustomization</type><optionSelection><name>Noir</name><overlayImage><imageUrl>https://m.media-amazon.com/images/S/gestalt-seller-images-prod-eu-west-1/A13V1IB3VIYZZH/A1JLJW2WT6ZDLU/42a96980-a4ab-4ac1-a04f-cceae0370b1f.jpg</imageUrl><dimension><width>1500</width><height>1500</height></dimension></overlayImage><label>Noir</label><thumbnailImage><imageUrl>https://m.media-amazon.com/images/S/gestalt-seller-images-prod-eu-west-1/A13V1IB3VIYZZH/A1JLJW2WT6ZDLU/7011be0b-f0aa-41cb-bc5d-6635b9bead8a.jpg</imageUrl><dimension><width>1500</width><height>1500</height></dimension></thumbnailImage><additionalCost><amount>0</amount></additionalCost></optionSelection></children><children><children><label>Text 1</label><type>FontCustomization</type><fontSelection><family>Larissa Light</family></fontSelection></children><children><colorSelection><name>Gold</name><colorModel>rgb</colorModel><value>#AEA24F</value></colorSelection><label>Coleur</label><type>ColorCustomization</type></children><children><children><children><inputValue>Joyeux Anniversaire </inputValue><label>Text 1</label><type>TextCustomization</type></children><name>Entrada de texto 1</name><label>Entrada de texto 1</label><position><x>64</x><y>165</y></position><type>PlacementContainerCustomization</type><dimension><width>275</width><height>44</height></dimension></children><type>ContainerCustomization</type></children><name>Texto 1</name><label>Texto 1</label><type>ContainerCustomization</type></children><children><children><label>Text 2</label><type>FontCustomization</type><fontSelection><family>Times New Roman</family></fontSelection></children><children><colorSelection><name>Gold</name><colorModel>rgb</colorModel><value>#AEA24F</value></colorSelection><label>Coleur</label><type>ColorCustomization</type></children><children><children><children><inputValue>Marcel</inputValue><label>Text 2</label><type>TextCustomization</type></children><name>Entrada de texto 1</name><label>Entrada de texto 1</label><position><x>65</x><y>226</y></position><type>PlacementContainerCustomization</type><dimension><width>274</width><height>30</height></dimension></children><children><children><inputValue>18.07.1943</inputValue><label>Date</label><type>TextCustomization</type></children><name>Entrada de texto 2</name><label>Entrada de texto 2</label><position><x>166</x><y>262</y></position><type>PlacementContainerCustomization</type><dimension><width>69</width><height>15</height></dimension></children><type>ContainerCustomization</type></children><name>Texto 2</name><label>Texto 2</label><type>ContainerCustomization</type></children><type>FlatContainerCustomization</type></children><svg>632c3544-8878-7054-238d-a9f175f45105.svg</svg><name>Superficie 1</name><baseImage><imageUrl>https://m.media-amazon.com/images/S/gestalt-seller-images-prod-eu-west-1/A13V1IB3VIYZZH/A1JLJW2WT6ZDLU/e5c51926-f149-4f90-b888-eaae7fc80137.jpg</imageUrl><dimension><width>1500</width><height>1500</height></dimension></baseImage><label>Étiquette</label><type>PreviewContainerCustomization</type><snapshot><imageName>02e95e08-8fd4-e820-3478-f56cc85268ec.jpg</imageName><dimension><width>400</width><height>400</height></dimension></snapshot></children><type>PageContainerCustomization</type></customizationData><orderItemId>28475953936602</orderItemId><asin>B09MKQ8LB1</asin><customizationInfo><version3.0><surfaces><name>Étiquette</name><areas><optionValue>Noir</optionValue><name>Desplegable de opciones 1</name><priceDelta><value>0.0</value></priceDelta><label>Couleur</label><customizationType>Options</customizationType><optionImage>https://m.media-amazon.com/images/S/gestalt-seller-images-prod-eu-west-1/A13V1IB3VIYZZH/A1JLJW2WT6ZDLU/42a96980-a4ab-4ac1-a04f-cceae0370b1f.jpg</optionImage></areas><areas><colorName>Gold</colorName><fontFamily>Larissa Light</fontFamily><Position><x>64</x><y>165</y></Position><name>Entrada de texto 1</name><Dimensions><width>275</width><height>44</height></Dimensions><label>Text 1</label><text>Joyeux Anniversaire </text><fill>#AEA24F</fill><customizationType>TextPrinting</customizationType></areas><areas><colorName>Gold</colorName><fontFamily>Times New Roman</fontFamily><Position><x>65</x><y>226</y></Position><name>Entrada de texto 1</name><Dimensions><width>274</width><height>30</height></Dimensions><label>Text 2</label><text>Marcel</text><fill>#AEA24F</fill><customizationType>TextPrinting</customizationType></areas><areas><colorName>Gold</colorName><fontFamily>Times New Roman</fontFamily><Position><x>166</x><y>262</y></Position><name>Entrada de texto 2</name><Dimensions><width>69</width><height>15</height></Dimensions><label>Date</label><text>18.07.1943</text><fill>#AEA24F</fill><customizationType>TextPrinting</customizationType></areas></surfaces></version3.0></customizationInfo><title>6 Étiquettes de champagne personnalisées pour les fêtes. Autocollants personnalisés texte imperméable à coller sur les bouteilles de champagne ou vin. Idéal pour les fêtes de Noël et d&apos;anniversaire</title><legacyOrderItemId>56354496668163</legacyOrderItemId></data>