{
  "orderId" : "171-3196881-2667520",
  "orderItemId" : "28475953936602",
  "legacyOrderItemId" : "56354496668163",
  "merchantId" : "A1JLJW2WT6ZDLU",
  "marketplaceId" : "A13V1IB3VIYZZH",
  "asin" : "B09MKQ8LB1",
  "title" : "6 Étiquettes de champagne personnalisées pour les fêtes. Autocollants personnalisés texte imperméable à coller sur les bouteilles de champagne ou vin. Idéal pour les fêtes de Noël et d'anniversaire",
  "quantity" : 4,
  "customizationData" : {
    "type" : "PageContainerCustomization",
    "children" : [ {
      "type" : "PreviewContainerCustomization",
      "name" : "Superficie 1",
      "label" : "Étiquette",
      "children" : [ {
        "type" : "FlatContainerCustomization",
        "children" : [ {
          "type" : "OptionCustomization",
          "name" : "Desplegable de opciones 1",
          "label" : "Couleur",
          "optionSelection" : {
            "name" : "Noir",
            "label" : "Noir",
            "additionalCost" : {
              "amount" : 0
            },
            "overlayImage" : {
              "imageUrl" : "https://m.media-amazon.com/images/S/gestalt-seller-images-prod-eu-west-1/A13V1IB3VIYZZH/A1JLJW2WT6ZDLU/42a96980-a4ab-4ac1-a04f-cceae0370b1f.jpg",
              "dimension" : {
                "width" : 1500,
                "height" : 1500
              }
            },
            "thumbnailImage" : {
              "imageUrl" : "https://m.media-amazon.com/images/S/gestalt-seller-images-prod-eu-west-1/A13V1IB3VIYZZH/A1JLJW2WT6ZDLU/7011be0b-f0aa-41cb-bc5d-6635b9bead8a.jpg",
              "dimension" : {
                "width" : 1500,
                "height" : 1500
              }
            }
          },
          "displayValue" : "Noir"
        }, {
          "type" : "ContainerCustomization",
          "name" : "Texto 1",
          "label" : "Texto 1",
          "children" : [ {
            "type" : "FontCustomization",
            "label" : "Text 1",
            "fontSelection" : {
              "family" : "Larissa Light"
            }
          }, {
            "type" : "ColorCustomization",
            "label" : "Coleur",
            "colorSelection" : {
              "name" : "Gold",
              "value" : "#AEA24F",
              "colorModel" : "rgb"
            }
          }, {
            "type" : "ContainerCustomization",
            "children" : [ {
              "type" : "PlacementContainerCustomization",
              "name" : "Entrada de texto 1",
              "label" : "Entrada de texto 1",
              "children" : [ {
                "type" : "TextCustomization",
                "label" : "Text 1",
                "inputValue" : "Joyeux Anniversaire "
              } ],
              "dimension" : {
                "width" : 275,
                "height" : 44
              },
              "position" : {
                "x" : 64,
                "y" : 165
              }
            } ]
          } ]
        }, {
          "type" : "ContainerCustomization",
          "name" : "Texto 2",
          "label" : "Texto 2",
          "children" : [ {
            "type" : "FontCustomization",
            "label" : "Text 2",
            "fontSelection" : {
              "family" : "Times New Roman"
            }
          }, {
            "type" : "ColorCustomization",
            "label" : "Coleur",
            "colorSelection" : {
              "name" : "Gold",
              "value" : "#AEA24F",
              "colorModel" : "rgb"
            }
          }, {
            "type" : "ContainerCustomization",
            "children" : [ {
              "type" : "PlacementContainerCustomization",
              "name" : "Entrada de texto 1",
              "label" : "Entrada de texto 1",
              "children" : [ {
                "type" : "TextCustomization",
                "label" : "Text 2",
                "inputValue" : "Marcel"
              } ],
              "dimension" : {
                "width" : 274,
                "height" : 30
              },
              "position" : {
                "x" : 65,
                "y" : 226
              }
            }, {
              "type" : "PlacementContainerCustomization",
              "name" : "Entrada de texto 2",
              "label" : "Entrada de texto 2",
              "children" : [ {
                "type" : "TextCustomization",
                "label" : "Date",
                "inputValue" : "18.07.1943"
              } ],
              "dimension" : {
                "width" : 69,
                "height" : 15
              },
              "position" : {
                "x" : 166,
                "y" : 262
              }
            } ]
          } ]
        } ]
      } ],
      "baseImage" : {
        "imageUrl" : "https://m.media-amazon.com/images/S/gestalt-seller-images-prod-eu-west-1/A13V1IB3VIYZZH/A1JLJW2WT6ZDLU/e5c51926-f149-4f90-b888-eaae7fc80137.jpg",
        "dimension" : {
          "width" : 1500,
          "height" : 1500
        }
      },
      "snapshot" : {
        "imageName" : "02e95e08-8fd4-e820-3478-f56cc85268ec.jpg",
        "dimension" : {
          "width" : 400,
          "height" : 400
        }
      },
      "svg" : "632c3544-8878-7054-238d-a9f175f45105.svg"
    } ]
  },
  "customizationInfo" : {
    "version3.0" : {
      "surfaces" : [ {
        "name" : "Étiquette",
        "areas" : [ {
          "customizationType" : "Options",
          "name" : "Desplegable de opciones 1",
          "label" : "Couleur",
          "optionValue" : "Noir",
          "priceDelta" : {
            "value" : 0.0
          },
          "optionImage" : "https://m.media-amazon.com/images/S/gestalt-seller-images-prod-eu-west-1/A13V1IB3VIYZZH/A1JLJW2WT6ZDLU/42a96980-a4ab-4ac1-a04f-cceae0370b1f.jpg"
        }, {
          "customizationType" : "TextPrinting",
          "colorName" : "Gold",
          "fill" : "#AEA24F",
          "fontFamily" : "Larissa Light",
          "Dimensions" : {
            "width" : 275,
            "height" : 44
          },
          "Position" : {
            "x" : 64,
            "y" : 165
          },
          "name" : "Entrada de texto 1",
          "label" : "Text 1",
          "text" : "Joyeux Anniversaire "
        }, {
          "customizationType" : "TextPrinting",
          "colorName" : "Gold",
          "fill" : "#AEA24F",
          "fontFamily" : "Times New Roman",
          "Dimensions" : {
            "width" : 274,
            "height" : 30
          },
          "Position" : {
            "x" : 65,
            "y" : 226
          },
          "name" : "Entrada de texto 1",
          "label" : "Text 2",
          "text" : "Marcel"
        }, {
          "customizationType" : "TextPrinting",
          "colorName" : "Gold",
          "fill" : "#AEA24F",
          "fontFamily" : "Times New Roman",
          "Dimensions" : {
            "width" : 69,
            "height" : 15
          },
          "Position" : {
            "x" : 166,
            "y" : 262
          },
          "name" : "Entrada de texto 2",
          "label" : "Date",
          "text" : "18.07.1943"
        } ]
      } ]
    }
  }
}