{
  "orderId" : "402-9730732-0685139",
  "orderItemId" : "28475373602162",
  "legacyOrderItemId" : "64541647391147",
  "merchantId" : "A1JLJW2WT6ZDLU",
  "marketplaceId" : "A13V1IB3VIYZZH",
  "asin" : "B00OY9JEBY",
  "title" : "100 Étiquettes stickers vêtements thermocollantes - Les uniques étiquettes autocollantes personnalisées avec CERTIFICAT ÉCOLOGIQUE. Étiquettes tissu à fixer au fer à repasser, conçu pour les enfants.",
  "quantity" : 1,
  "customizationData" : {
    "type" : "PageContainerCustomization",
    "children" : [ {
      "type" : "PreviewContainerCustomization",
      "name" : "Nom",
      "label" : "Nom",
      "children" : [ {
        "type" : "FlatContainerCustomization",
        "children" : [ {
          "type" : "ContainerCustomization",
          "name" : "TextInput",
          "label" : "Saisie de texte",
          "children" : [ {
            "type" : "FontCustomization",
            "name" : "Nom de la police",
            "label" : "Nom de la police",
            "fontSelection" : {
              "family" : "Trebuchet"
            }
          }, {
            "type" : "ColorCustomization",
            "label" : "Couleur de police",
            "colorSelection" : {
              "name" : "Noir",
              "value" : "#000000",
              "colorModel" : "rgb"
            }
          }, {
            "type" : "ContainerCustomization",
            "children" : [ {
              "type" : "PlacementContainerCustomization",
              "children" : [ {
                "type" : "TextCustomization",
                "name" : "Nom",
                "label" : "Nom",
                "inputValue" : "FENASSILE"
              } ],
              "dimension" : {
                "width" : 266,
                "height" : 36
              },
              "position" : {
                "x" : 40,
                "y" : 321
              }
            } ]
          } ]
        } ]
      } ],
      "baseImage" : {
        "imageUrl" : "https://m.media-amazon.com/images/S/gestalt-seller-images-prod-eu-west-1/A13V1IB3VIYZZH/A1JLJW2WT6ZDLU/18bde446-ed0e-48c9-acdf-d30f9b7095f1.jpg",
        "dimension" : {
          "width" : 400,
          "height" : 400
        }
      },
      "snapshot" : {
        "imageName" : "56c37a7f-8a78-7498-894c-60123fcc5f12.jpg",
        "dimension" : {
          "width" : 400,
          "height" : 400
        }
      },
      "svg" : "2b8a1adb-689f-a991-3013-3164bcba14d2.svg"
    } ]
  },
  "customizationInfo" : {
    "version3.0" : {
      "surfaces" : [ {
        "name" : "Nom",
        "areas" : [ {
          "customizationType" : "TextPrinting",
          "colorName" : "Noir",
          "fill" : "#000000",
          "fontFamily" : "Trebuchet",
          "Dimensions" : {
            "width" : 266,
            "height" : 36
          },
          "Position" : {
            "x" : 40,
            "y" : 321
          },
          "name" : "Nom",
          "label" : "Nom",
          "text" : "FENASSILE"
        } ]
      } ]
    }
  }
}