{
  "orderId" : "402-2338779-0024326",
  "orderItemId" : "28476788211402",
  "legacyOrderItemId" : "09092973051571",
  "merchantId" : "A1JLJW2WT6ZDLU",
  "marketplaceId" : "APJ6JRA9NG5V4",
  "asin" : "B07S69ZTNJ",
  "title" : "50 etichette adesive personalizzate per matite, penne e pennarelli. Adesivi scolastici con nome per contrassegnare gli oggetti. Adesivi impermeabili per scuola. Misura 4,6 x 0,6 cm",
  "quantity" : 1,
  "customizationData" : {
    "type" : "PageContainerCustomization",
    "children" : [ {
      "type" : "PreviewContainerCustomization",
      "name" : "Sfondo",
      "label" : "Sfondo",
      "children" : [ {
        "type" : "FlatContainerCustomization",
        "children" : [ {
          "type" : "OptionCustomization",
          "name" : "Laminato Protettivo",
          "label" : "Laminato Protettivo",
          "optionSelection" : {
            "name" : "Non",
            "label" : "Non",
            "additionalCost" : {
              "amount" : 0,
              "currency" : "EUR"
            }
          },
          "displayValue" : "Non"
        }, {
          "type" : "OptionCustomization",
          "name" : "Icona",
          "label" : "Icona",
          "optionSelection" : {
            "name" : "189. Palla da calcio",
            "label" : "189. Palla da calcio",
            "additionalCost" : {
              "amount" : 0.99,
              "currency" : "EUR"
            },
            "thumbnailImage" : {
              "imageUrl" : "https://m.media-amazon.com/images/S/gestalt-seller-images-prod-eu-west-1/APJ6JRA9NG5V4/A1JLJW2WT6ZDLU/e2e4d880-d74f-42a3-9bf9-dc1ed563abb0.png",
              "dimension" : {
                "width" : 200,
                "height" : 200
              }
            },
            "overlayImage" : {
              "imageUrl" : "https://m.media-amazon.com/images/S/gestalt-seller-images-prod-eu-west-1/APJ6JRA9NG5V4/A1JLJW2WT6ZDLU/b71b86ab-f837-44d9-9576-7a0ef4d6c802.png",
              "dimension" : {
                "width" : 400,
                "height" : 400
              }
            }
          },
          "displayValue" : "189. Palla da calcio"
        }, {
          "type" : "ContainerCustomization",
          "name" : "TextInput",
          "label" : "Texto 1",
          "children" : [ {
            "type" : "FontCustomization",
            "name" : "",
            "label" : "Nome carattere",
            "fontSelection" : {
              "family" : "Bonita"
            }
          }, {
            "type" : "ColorCustomization",
            "name" : "",
            "label" : "Colore del carattere",
            "colorSelection" : {
              "name" : "Nero C14",
              "value" : "#000000",
              "colorModel" : "rgb"
            }
          }, {
            "type" : "ContainerCustomization",
            "children" : [ {
              "type" : "PlacementContainerCustomization",
              "name" : "Testo",
              "label" : "Entrada de texto 1",
              "children" : [ {
                "type" : "FlatRatePriceDeltaContainerCustomization",
                "children" : [ {
                  "type" : "TextCustomization",
                  "name" : "",
                  "label" : "Testo",
                  "inputValue" : "Noah Guglielmi"
                } ],
                "priceDelta" : {
                  "amount" : 0
                }
              } ],
              "dimension" : {
                "width" : 243,
                "height" : 38
              },
              "position" : {
                "x" : 99,
                "y" : 162
              }
            } ]
          } ]
        } ]
      } ],
      "baseImage" : {
        "imageUrl" : "https://m.media-amazon.com/images/S/gestalt-seller-images-prod-eu-west-1/APJ6JRA9NG5V4/A1JLJW2WT6ZDLU/84c7e25c-d7c5-4ecc-ad68-b4868990e784.jpg",
        "dimension" : {
          "width" : 400,
          "height" : 400
        }
      },
      "snapshot" : {
        "imageName" : "759b2fcd-9927-4e79-d5c4-8c93f8786ca9.jpg",
        "dimension" : {
          "width" : 400,
          "height" : 400
        }
      },
      "svg" : "b82bf3b0-287c-a790-1e99-1ff3be306ffd.svg"
    } ]
  },
  "customizationInfo" : {
    "version3.0" : {
      "surfaces" : [ {
        "name" : "Sfondo",
        "areas" : [ {
          "customizationType" : "Options",
          "name" : "Laminato Protettivo",
          "label" : "Laminato Protettivo",
          "optionValue" : "Non",
          "priceDelta" : {
            "currency" : "EUR",
            "value" : 0.0
          },
          "optionImage" : ""
        }, {
          "customizationType" : "Options",
          "name" : "Icona",
          "label" : "Icona",
          "optionValue" : "189. Palla da calcio",
          "priceDelta" : {
            "currency" : "EUR",
            "value" : 0.99
          },
          "optionImage" : "https://m.media-amazon.com/images/S/gestalt-seller-images-prod-eu-west-1/APJ6JRA9NG5V4/A1JLJW2WT6ZDLU/b71b86ab-f837-44d9-9576-7a0ef4d6c802.png"
        }, {
          "customizationType" : "TextPrinting",
          "colorName" : "Nero C14",
          "fill" : "#000000",
          "fontFamily" : "Bonita",
          "Dimensions" : {
            "width" : 243,
            "height" : 38
          },
          "Position" : {
            "x" : 99,
            "y" : 162
          },
          "priceDelta" : {
            "value" : 0.0
          },
          "name" : "Testo",
          "label" : "Testo",
          "text" : "Noah Guglielmi"
        } ]
      } ]
    }
  }
}