{
  "orderId" : "028-5823584-8642768",
  "orderItemId" : "28476743629002",
  "legacyOrderItemId" : "66510611662003",
  "merchantId" : "A1JLJW2WT6ZDLU",
  "marketplaceId" : "A1PA6795UKMFR9",
  "asin" : "B08C5FVJXR",
  "title" : "9 Flaggenaufkleber mit personalisiertem Namen für Fahrräder, Motorräder, Autos und Elektroroller. Klebeetiketten mit personalisierten Flaggen. Wasserdichtes selbstklebendes Vinyl für Fahrzeuge",
  "quantity" : 2,
  "customizationData" : {
    "type" : "PageContainerCustomization",
    "children" : [ {
      "type" : "PreviewContainerCustomization",
      "name" : "Hintergrund",
      "label" : "Hintergrund",
      "children" : [ {
        "type" : "FlatContainerCustomization",
        "children" : [ {
          "type" : "OptionCustomization",
          "name" : "Farbe",
          "label" : "Farbe",
          "optionSelection" : {
            "name" : "Schwarz",
            "label" : "Schwarz",
            "additionalCost" : {
              "amount" : 0,
              "currency" : "EUR"
            },
            "overlayImage" : {
              "imageUrl" : "https://m.media-amazon.com/images/S/gestalt-seller-images-prod-eu-west-1/A1PA6795UKMFR9/A1JLJW2WT6ZDLU/7a4900c1-eba6-4630-a1f8-2f728d629562.jpg",
              "dimension" : {
                "width" : 400,
                "height" : 400
              }
            }
          },
          "displayValue" : "Schwarz"
        }, {
          "type" : "ContainerCustomization",
          "name" : "TextInput",
          "label" : "Texto 1",
          "children" : [ {
            "type" : "FontCustomization",
            "name" : "",
            "label" : "Schriftart",
            "fontSelection" : {
              "family" : "Futurist"
            }
          }, {
            "type" : "ColorCustomization",
            "name" : "",
            "label" : "Schriftfarbe",
            "colorSelection" : {
              "name" : "Weiß",
              "value" : "#ffffff",
              "colorModel" : "rgb"
            }
          }, {
            "type" : "ContainerCustomization",
            "children" : [ {
              "type" : "PlacementContainerCustomization",
              "name" : "Texteingabe",
              "label" : "Entrada de texto 1",
              "children" : [ {
                "type" : "FlatRatePriceDeltaContainerCustomization",
                "children" : [ {
                  "type" : "TextCustomization",
                  "name" : "",
                  "label" : "Texteingabe",
                  "inputValue" : "Lukas Schwanert"
                } ],
                "priceDelta" : {
                  "amount" : 0
                }
              } ],
              "dimension" : {
                "width" : 242,
                "height" : 40
              },
              "position" : {
                "x" : 134,
                "y" : 143
              }
            } ]
          } ]
        }, {
          "type" : "OptionCustomization",
          "name" : "Flagge",
          "label" : "Flagge",
          "optionSelection" : {
            "name" : "4. Deutschland",
            "label" : "4. Deutschland",
            "additionalCost" : {
              "amount" : 0,
              "currency" : "EUR"
            },
            "overlayImage" : {
              "imageUrl" : "https://m.media-amazon.com/images/S/gestalt-seller-images-prod-eu-west-1/A1PA6795UKMFR9/A1JLJW2WT6ZDLU/a23f34ce-1b13-49e3-b50a-81ea13dc8b40.png",
              "dimension" : {
                "width" : 400,
                "height" : 400
              }
            },
            "thumbnailImage" : {
              "imageUrl" : "https://m.media-amazon.com/images/S/gestalt-seller-images-prod-eu-west-1/A1PA6795UKMFR9/A1JLJW2WT6ZDLU/ad509dc8-c8a6-4da6-b86d-bbe8396542ad.png",
              "dimension" : {
                "width" : 200,
                "height" : 200
              }
            }
          },
          "displayValue" : "4. Deutschland"
        }, {
          "type" : "OptionCustomization",
          "name" : "Schutzlaminat",
          "label" : "Schutzlaminat",
          "optionSelection" : {
            "name" : "Ja",
            "label" : "Ja",
            "additionalCost" : {
              "amount" : 1.99
            },
            "overlayImage" : {
              "imageUrl" : "https://m.media-amazon.com/images/S/gestalt-seller-images-prod-eu-west-1/A1PA6795UKMFR9/A1JLJW2WT6ZDLU/ce761a39-6844-4348-b134-81dff8f8ba26.png",
              "dimension" : {
                "width" : 400,
                "height" : 400
              }
            }
          },
          "displayValue" : "Ja"
        } ]
      } ],
      "baseImage" : {
        "imageUrl" : "https://m.media-amazon.com/images/S/gestalt-seller-images-prod-eu-west-1/A1PA6795UKMFR9/A1JLJW2WT6ZDLU/a2fc7e4b-bef2-4484-800f-fa1b989ac862.jpg",
        "dimension" : {
          "width" : 400,
          "height" : 400
        }
      },
      "snapshot" : {
        "imageName" : "66cc873d-e59a-df16-45f0-96b9d1f70e16.jpg",
        "dimension" : {
          "width" : 400,
          "height" : 400
        }
      },
      "svg" : "94b2cfa5-958a-d365-f1d0-da5423085022.svg"
    } ]
  },
  "customizationInfo" : {
    "version3.0" : {
      "surfaces" : [ {
        "name" : "Hintergrund",
        "areas" : [ {
          "customizationType" : "Options",
          "name" : "Farbe",
          "label" : "Farbe",
          "optionValue" : "Schwarz",
          "priceDelta" : {
            "currency" : "EUR",
            "value" : 0.0
          },
          "optionImage" : "https://m.media-amazon.com/images/S/gestalt-seller-images-prod-eu-west-1/A1PA6795UKMFR9/A1JLJW2WT6ZDLU/7a4900c1-eba6-4630-a1f8-2f728d629562.jpg"
        }, {
          "customizationType" : "TextPrinting",
          "colorName" : "Weiß",
          "fill" : "#ffffff",
          "fontFamily" : "Futurist",
          "Dimensions" : {
            "width" : 242,
            "height" : 40
          },
          "Position" : {
            "x" : 134,
            "y" : 143
          },
          "priceDelta" : {
            "value" : 0.0
          },
          "name" : "Texteingabe",
          "label" : "Texteingabe",
          "text" : "Lukas Schwanert"
        }, {
          "customizationType" : "Options",
          "name" : "Flagge",
          "label" : "Flagge",
          "optionValue" : "4. Deutschland",
          "priceDelta" : {
            "currency" : "EUR",
            "value" : 0.0
          },
          "optionImage" : "https://m.media-amazon.com/images/S/gestalt-seller-images-prod-eu-west-1/A1PA6795UKMFR9/A1JLJW2WT6ZDLU/a23f34ce-1b13-49e3-b50a-81ea13dc8b40.png"
        }, {
          "customizationType" : "Options",
          "name" : "Schutzlaminat",
          "label" : "Schutzlaminat",
          "optionValue" : "Ja",
          "priceDelta" : {
            "value" : 1.99
          },
          "optionImage" : "https://m.media-amazon.com/images/S/gestalt-seller-images-prod-eu-west-1/A1PA6795UKMFR9/A1JLJW2WT6ZDLU/ce761a39-6844-4348-b134-81dff8f8ba26.png"
        } ]
      } ]
    }
  }
}