<data><marketplaceId>A1PA6795UKMFR9</marketplaceId><quantity>2</quantity><orderId>028-5823584-8642768</orderId><merchantId>A1JLJW2WT6ZDLU</merchantId><customizationData><children><children><children><displayValue>Schwarz</displayValue><name>Farbe</name><label>Farbe</label><type>OptionCustomization</type><optionSelection><name>Schwarz</name><overlayImage><imageUrl>https://m.media-amazon.com/images/S/gestalt-seller-images-prod-eu-west-1/A1PA6795UKMFR9/A1JLJW2WT6ZDLU/7a4900c1-eba6-4630-a1f8-2f728d629562.jpg</imageUrl><dimension><width>400</width><height>400</height></dimension></overlayImage><label>Schwarz</label><additionalCost><amount>0</amount><currency>EUR</currency></additionalCost></optionSelection></children><children><children><name/><label>Schriftart</label><type>FontCustomization</type><fontSelection><family>Futurist</family></fontSelection></children><children><colorSelection><name>Weiß</name><colorModel>rgb</colorModel><value>#ffffff</value></colorSelection><name/><label>Schriftfarbe</label><type>ColorCustomization</type></children><children><children><children><children><name/><inputValue>Lukas Schwanert</inputValue><label>Texteingabe</label><type>TextCustomization</type></children><priceDelta><amount>0</amount></priceDelta><type>FlatRatePriceDeltaContainerCustomization</type></children><name>Texteingabe</name><label>Entrada de texto 1</label><position><x>134</x><y>143</y></position><type>PlacementContainerCustomization</type><dimension><width>242</width><height>40</height></dimension></children><type>ContainerCustomization</type></children><name>TextInput</name><label>Texto 1</label><type>ContainerCustomization</type></children><children><displayValue>4. Deutschland</displayValue><name>Flagge</name><label>Flagge</label><type>OptionCustomization</type><optionSelection><name>4. Deutschland</name><overlayImage><imageUrl>https://m.media-amazon.com/images/S/gestalt-seller-images-prod-eu-west-1/A1PA6795UKMFR9/A1JLJW2WT6ZDLU/a23f34ce-1b13-49e3-b50a-81ea13dc8b40.png</imageUrl><dimension><width>400</width><height>400</height></dimension></overlayImage><label>4. Deutschland</label><thumbnailImage><imageUrl>https://m.media-amazon.com/images/S/gestalt-seller-images-prod-eu-west-1/A1PA6795UKMFR9/A1JLJW2WT6ZDLU/ad509dc8-c8a6-4da6-b86d-bbe8396542ad.png</imageUrl><dimension><width>200</width><height>200</height></dimension></thumbnailImage><additionalCost><amount>0</amount><currency>EUR</currency></additionalCost></optionSelection></children><children><displayValue>Ja</displayValue><name>Schutzlaminat</name><label>Schutzlaminat</label><type>OptionCustomization</type><optionSelection><name>Ja</name><overlayImage><imageUrl>https://m.media-amazon.com/images/S/gestalt-seller-images-prod-eu-west-1/A1PA6795UKMFR9/A1JLJW2WT6ZDLU/ce761a39-6844-4348-b134-81dff8f8ba26.png</imageUrl><dimension><width>400</width><height>400</height></dimension></overlayImage><label>Ja</label><additionalCost><amount>1.99</amount></additionalCost></optionSelection></children><type>FlatContainerCustomization</type></children><svg>94b2cfa5-958a-d365-f1d0-da5423085022.svg</svg><name>Hintergrund</name><baseImage><imageUrl>https://m.media-amazon.com/images/S/gestalt-seller-images-prod-eu-west-1/A1PA6795UKMFR9/A1JLJW2WT6ZDLU/a2fc7e4b-bef2-4484-800f-fa1b989ac862.jpg</imageUrl><dimension><width>400</width><height>400</height></dimension></baseImage><label>Hintergrund</label><type>PreviewContainerCustomization</type><snapshot><imageName>66cc873d-e59a-df16-45f0-96b9d1f70e16.jpg</imageName><dimension><width>400</width><height>400</height></dimension></snapshot></children><type>PageContainerCustomization</type></customizationData><orderItemId>28476743629002</orderItemId><asin>B08C5FVJXR</asin><customizationInfo><version3.0><surfaces><name>Hintergrund</name><areas><optionValue>Schwarz</optionValue><name>Farbe</name><priceDelta><currency>EUR</currency><value>0.0</value></priceDelta><label>Farbe</label><customizationType>Options</customizationType><optionImage>https://m.media-amazon.com/images/S/gestalt-seller-images-prod-eu-west-1/A1PA6795UKMFR9/A1JLJW2WT6ZDLU/7a4900c1-eba6-4630-a1f8-2f728d629562.jpg</optionImage></areas><areas><colorName>Weiß</colorName><fontFamily>Futurist</fontFamily><Position><x>134</x><y>143</y></Position><name>Texteingabe</name><Dimensions><width>242</width><height>40</height></Dimensions><priceDelta><value>0.0</value></priceDelta><label>Texteingabe</label><text>Lukas Schwanert</text><fill>#ffffff</fill><customizationType>TextPrinting</customizationType></areas><areas><optionValue>4. Deutschland</optionValue><name>Flagge</name><priceDelta><currency>EUR</currency><value>0.0</value></priceDelta><label>Flagge</label><customizationType>Options</customizationType><optionImage>https://m.media-amazon.com/images/S/gestalt-seller-images-prod-eu-west-1/A1PA6795UKMFR9/A1JLJW2WT6ZDLU/a23f34ce-1b13-49e3-b50a-81ea13dc8b40.png</optionImage></areas><areas><optionValue>Ja</optionValue><name>Schutzlaminat</name><priceDelta><value>1.99</value></priceDelta><label>Schutzlaminat</label><customizationType>Options</customizationType><optionImage>https://m.media-amazon.com/images/S/gestalt-seller-images-prod-eu-west-1/A1PA6795UKMFR9/A1JLJW2WT6ZDLU/ce761a39-6844-4348-b134-81dff8f8ba26.png</optionImage></areas></surfaces></version3.0></customizationInfo><title>9 Flaggenaufkleber mit personalisiertem Namen für Fahrräder, Motorräder, Autos und Elektroroller. Klebeetiketten mit personalisierten Flaggen. Wasserdichtes selbstklebendes Vinyl für Fahrzeuge</title><legacyOrderItemId>66510611662003</legacyOrderItemId></data>