<data><marketplaceId>A13V1IB3VIYZZH</marketplaceId><quantity>1</quantity><orderId>405-6426827-4721151</orderId><merchantId>A1JLJW2WT6ZDLU</merchantId><customizationData><children><children><children><displayValue>Non</displayValue><name>Stratifié Protecteur</name><label>Stratifié Protecteur</label><type>OptionCustomization</type><optionSelection><name>Non</name><label>Non</label><additionalCost><amount>0</amount><currency>EUR</currency></additionalCost></optionSelection></children><children><displayValue>132. Panda</displayValue><name>Les Iconês</name><label>Les Iconês</label><type>OptionCustomization</type><optionSelection><name>132. Panda</name><overlayImage><imageUrl>https://m.media-amazon.com/images/S/gestalt-seller-images-prod-eu-west-1/A13V1IB3VIYZZH/A1JLJW2WT6ZDLU/c65f5abf-4fad-4aa6-8733-a654dd2e2170.png</imageUrl><dimension><width>400</width><height>400</height></dimension></overlayImage><label>132. Panda</label><thumbnailImage><imageUrl>https://m.media-amazon.com/images/S/gestalt-seller-images-prod-eu-west-1/A13V1IB3VIYZZH/A1JLJW2WT6ZDLU/c721c1b3-7e0e-4863-9d0b-8d365ed8682f.png</imageUrl><dimension><width>200</width><height>200</height></dimension></thumbnailImage><additionalCost><amount>0.99</amount><currency>EUR</currency></additionalCost></optionSelection></children><children><children><name/><label>Nom de la police</label><type>FontCustomization</type><fontSelection><family>Juvenil</family></fontSelection></children><children><colorSelection><name>Noir C20</name><colorModel>rgb</colorModel><value>#000000</value></colorSelection><name/><label>Couleur de police</label><type>ColorCustomization</type></children><children><children><children><children><name/><inputValue>UTARD Lizéa </inputValue><label>Texte</label><type>TextCustomization</type></children><priceDelta><amount>0</amount></priceDelta><type>FlatRatePriceDeltaContainerCustomization</type></children><name/><label>Entrada de texto 1</label><position><x>101</x><y>162</y></position><type>PlacementContainerCustomization</type><dimension><width>251</width><height>37</height></dimension></children><type>ContainerCustomization</type></children><name>TextInput</name><label>Texto 1</label><type>ContainerCustomization</type></children><type>FlatContainerCustomization</type></children><svg>2fbebefb-f01c-c471-bfd4-5435af68ba99.svg</svg><name>Fonds</name><baseImage><imageUrl>https://m.media-amazon.com/images/S/gestalt-seller-images-prod-eu-west-1/A13V1IB3VIYZZH/A1JLJW2WT6ZDLU/0f57e000-e1df-4a66-90b5-f3cb3facb996.jpg</imageUrl><dimension><width>400</width><height>400</height></dimension></baseImage><label>Fonds</label><type>PreviewContainerCustomization</type><snapshot><imageName>fe8ba55a-6c02-d246-0fe2-369ab556c663.jpg</imageName><dimension><width>400</width><height>400</height></dimension></snapshot></children><type>PageContainerCustomization</type></customizationData><orderItemId>28476073949762</orderItemId><asin>B07S8B3XPJ</asin><customizationInfo><version3.0><surfaces><name>Fonds</name><areas><optionValue>Non</optionValue><name>Stratifié Protecteur</name><priceDelta><currency>EUR</currency><value>0.0</value></priceDelta><label>Stratifié Protecteur</label><customizationType>Options</customizationType><optionImage/></areas><areas><optionValue>132. Panda</optionValue><name>Les Iconês</name><priceDelta><currency>EUR</currency><value>0.99</value></priceDelta><label>Les Iconês</label><customizationType>Options</customizationType><optionImage>https://m.media-amazon.com/images/S/gestalt-seller-images-prod-eu-west-1/A13V1IB3VIYZZH/A1JLJW2WT6ZDLU/c65f5abf-4fad-4aa6-8733-a654dd2e2170.png</optionImage></areas><areas><colorName>Noir C20</colorName><fontFamily>Juvenil</fontFamily><Position><x>101</x><y>162</y></Position><name/><Dimensions><width>251</width><height>37</height></Dimensions><priceDelta><value>0.0</value></priceDelta><label>Texte</label><text>UTARD Lizéa </text><fill>#000000</fill><customizationType>TextPrinting</customizationType></areas></surfaces></version3.0></customizationInfo><title>50 étiquettes adhésives personnalisées pour crayons, stylos et marqueurs. Autocollants scolaires avec nom pour marquer les objets. Stickers imperméables pour l&apos;école. Mesure 4,6 x 0,6 cm</title><legacyOrderItemId>31403271025787</legacyOrderItemId></data>