<data><marketplaceId>A13V1IB3VIYZZH</marketplaceId><quantity>1</quantity><orderId>171-0095397-3453158</orderId><merchantId>A1JLJW2WT6ZDLU</merchantId><customizationData><children><children><children><displayValue>Non</displayValue><name>Stratifié Protecteur</name><label>Stratifié Protecteur</label><type>OptionCustomization</type><optionSelection><name>Non</name><label>Non</label><additionalCost><amount>0</amount><currency>EUR</currency></additionalCost></optionSelection></children><children><displayValue>154. Coeur rouge</displayValue><name>Les Iconês</name><label>Les Iconês</label><type>OptionCustomization</type><optionSelection><name>154. Coeur rouge</name><overlayImage><imageUrl>https://m.media-amazon.com/images/S/gestalt-seller-images-prod-eu-west-1/A13V1IB3VIYZZH/A1JLJW2WT6ZDLU/060ba5a6-3c56-4531-af15-0acd1e3f81e5.png</imageUrl><dimension><width>400</width><height>400</height></dimension></overlayImage><label>154. Coeur rouge</label><thumbnailImage><imageUrl>https://m.media-amazon.com/images/S/gestalt-seller-images-prod-eu-west-1/A13V1IB3VIYZZH/A1JLJW2WT6ZDLU/01b83562-b369-4de8-85cc-90c8f3052cc7.png</imageUrl><dimension><width>200</width><height>200</height></dimension></thumbnailImage><additionalCost><amount>0.99</amount><currency>EUR</currency></additionalCost></optionSelection></children><children><children><name/><label>Nom de la police</label><type>FontCustomization</type><fontSelection><family>Inglesa</family></fontSelection></children><children><colorSelection><name>Noir C28</name><colorModel>rgb</colorModel><value>#000000</value></colorSelection><name/><label>Couleur de police</label><type>ColorCustomization</type></children><children><children><children><children><name/><inputValue>Shanélia </inputValue><label>Texte</label><type>TextCustomization</type></children><priceDelta><amount>0</amount></priceDelta><type>FlatRatePriceDeltaContainerCustomization</type></children><name/><label>Entrada de texto 1</label><position><x>101</x><y>162</y></position><type>PlacementContainerCustomization</type><dimension><width>251</width><height>37</height></dimension></children><type>ContainerCustomization</type></children><name>TextInput</name><label>Texto 1</label><type>ContainerCustomization</type></children><type>FlatContainerCustomization</type></children><svg>6f23a7d7-4a24-b89a-b951-27daac4c2206.svg</svg><name>Fonds</name><baseImage><imageUrl>https://m.media-amazon.com/images/S/gestalt-seller-images-prod-eu-west-1/A13V1IB3VIYZZH/A1JLJW2WT6ZDLU/1c626a2a-9b8f-4f7e-876a-7784d922d7e4.jpg</imageUrl><dimension><width>400</width><height>400</height></dimension></baseImage><label>Fonds</label><type>PreviewContainerCustomization</type><snapshot><imageName>8bf456b6-f178-090d-844b-009fbd1bb39f.jpg</imageName><dimension><width>400</width><height>400</height></dimension></snapshot></children><type>PageContainerCustomization</type></customizationData><orderItemId>28476884672242</orderItemId><asin>B07SB72Q6P</asin><customizationInfo><version3.0><surfaces><name>Fonds</name><areas><optionValue>Non</optionValue><name>Stratifié Protecteur</name><priceDelta><currency>EUR</currency><value>0.0</value></priceDelta><label>Stratifié Protecteur</label><customizationType>Options</customizationType><optionImage/></areas><areas><optionValue>154. Coeur rouge</optionValue><name>Les Iconês</name><priceDelta><currency>EUR</currency><value>0.99</value></priceDelta><label>Les Iconês</label><customizationType>Options</customizationType><optionImage>https://m.media-amazon.com/images/S/gestalt-seller-images-prod-eu-west-1/A13V1IB3VIYZZH/A1JLJW2WT6ZDLU/060ba5a6-3c56-4531-af15-0acd1e3f81e5.png</optionImage></areas><areas><colorName>Noir C28</colorName><fontFamily>Inglesa</fontFamily><Position><x>101</x><y>162</y></Position><name/><Dimensions><width>251</width><height>37</height></Dimensions><priceDelta><value>0.0</value></priceDelta><label>Texte</label><text>Shanélia </text><fill>#000000</fill><customizationType>TextPrinting</customizationType></areas></surfaces></version3.0></customizationInfo><title>50 étiquettes adhésives personnalisées pour crayons, stylos et marqueurs. Autocollants scolaires avec nom pour marquer les objets. Stickers imperméables pour l&apos;école. Mesure 4,6 x 0,6 cm</title><legacyOrderItemId>42419085122603</legacyOrderItemId></data>