{
  "orderId" : "171-0095397-3453158",
  "orderItemId" : "28476884672242",
  "legacyOrderItemId" : "42419085122603",
  "merchantId" : "A1JLJW2WT6ZDLU",
  "marketplaceId" : "A13V1IB3VIYZZH",
  "asin" : "B07SB72Q6P",
  "title" : "50 étiquettes adhésives personnalisées pour crayons, stylos et marqueurs. Autocollants scolaires avec nom pour marquer les objets. Stickers imperméables pour l'école. Mesure 4,6 x 0,6 cm",
  "quantity" : 1,
  "customizationData" : {
    "type" : "PageContainerCustomization",
    "children" : [ {
      "type" : "PreviewContainerCustomization",
      "name" : "Fonds",
      "label" : "Fonds",
      "children" : [ {
        "type" : "FlatContainerCustomization",
        "children" : [ {
          "type" : "OptionCustomization",
          "name" : "Stratifié Protecteur",
          "label" : "Stratifié Protecteur",
          "optionSelection" : {
            "name" : "Non",
            "label" : "Non",
            "additionalCost" : {
              "amount" : 0,
              "currency" : "EUR"
            }
          },
          "displayValue" : "Non"
        }, {
          "type" : "OptionCustomization",
          "name" : "Les Iconês",
          "label" : "Les Iconês",
          "optionSelection" : {
            "name" : "154. Coeur rouge",
            "label" : "154. Coeur rouge",
            "additionalCost" : {
              "amount" : 0.99,
              "currency" : "EUR"
            },
            "thumbnailImage" : {
              "imageUrl" : "https://m.media-amazon.com/images/S/gestalt-seller-images-prod-eu-west-1/A13V1IB3VIYZZH/A1JLJW2WT6ZDLU/01b83562-b369-4de8-85cc-90c8f3052cc7.png",
              "dimension" : {
                "width" : 200,
                "height" : 200
              }
            },
            "overlayImage" : {
              "imageUrl" : "https://m.media-amazon.com/images/S/gestalt-seller-images-prod-eu-west-1/A13V1IB3VIYZZH/A1JLJW2WT6ZDLU/060ba5a6-3c56-4531-af15-0acd1e3f81e5.png",
              "dimension" : {
                "width" : 400,
                "height" : 400
              }
            }
          },
          "displayValue" : "154. Coeur rouge"
        }, {
          "type" : "ContainerCustomization",
          "name" : "TextInput",
          "label" : "Texto 1",
          "children" : [ {
            "type" : "FontCustomization",
            "name" : "",
            "label" : "Nom de la police",
            "fontSelection" : {
              "family" : "Inglesa"
            }
          }, {
            "type" : "ColorCustomization",
            "name" : "",
            "label" : "Couleur de police",
            "colorSelection" : {
              "name" : "Noir C28",
              "value" : "#000000",
              "colorModel" : "rgb"
            }
          }, {
            "type" : "ContainerCustomization",
            "children" : [ {
              "type" : "PlacementContainerCustomization",
              "name" : "",
              "label" : "Entrada de texto 1",
              "children" : [ {
                "type" : "FlatRatePriceDeltaContainerCustomization",
                "children" : [ {
                  "type" : "TextCustomization",
                  "name" : "",
                  "label" : "Texte",
                  "inputValue" : "Shanélia "
                } ],
                "priceDelta" : {
                  "amount" : 0
                }
              } ],
              "dimension" : {
                "width" : 251,
                "height" : 37
              },
              "position" : {
                "x" : 101,
                "y" : 162
              }
            } ]
          } ]
        } ]
      } ],
      "baseImage" : {
        "imageUrl" : "https://m.media-amazon.com/images/S/gestalt-seller-images-prod-eu-west-1/A13V1IB3VIYZZH/A1JLJW2WT6ZDLU/1c626a2a-9b8f-4f7e-876a-7784d922d7e4.jpg",
        "dimension" : {
          "width" : 400,
          "height" : 400
        }
      },
      "snapshot" : {
        "imageName" : "8bf456b6-f178-090d-844b-009fbd1bb39f.jpg",
        "dimension" : {
          "width" : 400,
          "height" : 400
        }
      },
      "svg" : "6f23a7d7-4a24-b89a-b951-27daac4c2206.svg"
    } ]
  },
  "customizationInfo" : {
    "version3.0" : {
      "surfaces" : [ {
        "name" : "Fonds",
        "areas" : [ {
          "customizationType" : "Options",
          "name" : "Stratifié Protecteur",
          "label" : "Stratifié Protecteur",
          "optionValue" : "Non",
          "priceDelta" : {
            "currency" : "EUR",
            "value" : 0.0
          },
          "optionImage" : ""
        }, {
          "customizationType" : "Options",
          "name" : "Les Iconês",
          "label" : "Les Iconês",
          "optionValue" : "154. Coeur rouge",
          "priceDelta" : {
            "currency" : "EUR",
            "value" : 0.99
          },
          "optionImage" : "https://m.media-amazon.com/images/S/gestalt-seller-images-prod-eu-west-1/A13V1IB3VIYZZH/A1JLJW2WT6ZDLU/060ba5a6-3c56-4531-af15-0acd1e3f81e5.png"
        }, {
          "customizationType" : "TextPrinting",
          "colorName" : "Noir C28",
          "fill" : "#000000",
          "fontFamily" : "Inglesa",
          "Dimensions" : {
            "width" : 251,
            "height" : 37
          },
          "Position" : {
            "x" : 101,
            "y" : 162
          },
          "priceDelta" : {
            "value" : 0.0
          },
          "name" : "",
          "label" : "Texte",
          "text" : "Shanélia "
        } ]
      } ]
    }
  }
}