{
  "orderId" : "404-6049114-2760367",
  "orderItemId" : "28476117975522",
  "legacyOrderItemId" : "47060461609947",
  "merchantId" : "A1JLJW2WT6ZDLU",
  "marketplaceId" : "APJ6JRA9NG5V4",
  "asin" : "B07Z7QQ8KK",
  "title" : "Haberdashery Online 100 Etichete Bianche Personalizzate in Ferro su Tessuto per contrassegnate i Vostri Vestiti con un'icona di Colore (Forme)",
  "quantity" : 1,
  "customizationData" : {
    "type" : "PageContainerCustomization",
    "children" : [ {
      "type" : "PreviewContainerCustomization",
      "name" : "Superficie 1",
      "label" : "Sfondo",
      "children" : [ {
        "type" : "FlatContainerCustomization",
        "children" : [ {
          "type" : "OptionCustomization",
          "name" : "Desplegable de opciones 1",
          "label" : "Icona",
          "optionSelection" : {
            "name" : "Senza icona",
            "label" : "Senza icona",
            "additionalCost" : {
              "amount" : 0
            }
          },
          "displayValue" : "Senza icona"
        }, {
          "type" : "ContainerCustomization",
          "name" : "Texto 1",
          "label" : "Texto 1",
          "children" : [ {
            "type" : "FontCustomization",
            "name" : "",
            "label" : "Nome carattere",
            "fontSelection" : {
              "family" : "Inglesa"
            }
          }, {
            "type" : "ColorCustomization",
            "name" : "",
            "label" : "Colore",
            "colorSelection" : {
              "name" : "Negro",
              "value" : "#000000",
              "colorModel" : "rgb"
            }
          }, {
            "type" : "ContainerCustomization",
            "children" : [ {
              "type" : "PlacementContainerCustomization",
              "name" : "Entrada de texto 1",
              "label" : "Entrada de texto 1",
              "children" : [ {
                "type" : "FlatRatePriceDeltaContainerCustomization",
                "children" : [ {
                  "type" : "TextCustomization",
                  "name" : "",
                  "label" : "Testo",
                  "inputValue" : "Martina Bartolozzi "
                } ],
                "priceDelta" : {
                  "amount" : 0
                }
              } ],
              "dimension" : {
                "width" : 240,
                "height" : 39
              },
              "position" : {
                "x" : 101,
                "y" : 162
              }
            } ]
          } ]
        } ]
      } ],
      "baseImage" : {
        "imageUrl" : "https://m.media-amazon.com/images/S/gestalt-seller-images-prod-eu-west-1/APJ6JRA9NG5V4/A1JLJW2WT6ZDLU/f80150ba-c899-4201-81f9-a35dfef3c0eb.jpg",
        "dimension" : {
          "width" : 400,
          "height" : 400
        }
      },
      "snapshot" : {
        "imageName" : "8963602e-5769-fa47-832d-3d62a2881088.jpg",
        "dimension" : {
          "width" : 400,
          "height" : 400
        }
      },
      "svg" : "0091297d-e068-0c15-cedd-8ce3e89c568c.svg"
    } ]
  },
  "customizationInfo" : {
    "version3.0" : {
      "surfaces" : [ {
        "name" : "Sfondo",
        "areas" : [ {
          "customizationType" : "Options",
          "name" : "Desplegable de opciones 1",
          "label" : "Icona",
          "optionValue" : "Senza icona",
          "priceDelta" : {
            "value" : 0.0
          },
          "optionImage" : ""
        }, {
          "customizationType" : "TextPrinting",
          "colorName" : "Negro",
          "fill" : "#000000",
          "fontFamily" : "Inglesa",
          "Dimensions" : {
            "width" : 240,
            "height" : 39
          },
          "Position" : {
            "x" : 101,
            "y" : 162
          },
          "priceDelta" : {
            "value" : 0.0
          },
          "name" : "Entrada de texto 1",
          "label" : "Testo",
          "text" : "Martina Bartolozzi "
        } ]
      } ]
    }
  }
}