<data><marketplaceId>APJ6JRA9NG5V4</marketplaceId><quantity>1</quantity><orderId>404-6049114-2760367</orderId><merchantId>A1JLJW2WT6ZDLU</merchantId><customizationData><children><children><children><displayValue>Senza icona</displayValue><name>Desplegable de opciones 1</name><label>Icona</label><type>OptionCustomization</type><optionSelection><name>Senza icona</name><label>Senza icona</label><additionalCost><amount>0</amount></additionalCost></optionSelection></children><children><children><name/><label>Nome carattere</label><type>FontCustomization</type><fontSelection><family>Inglesa</family></fontSelection></children><children><colorSelection><name>Negro</name><colorModel>rgb</colorModel><value>#000000</value></colorSelection><name/><label>Colore</label><type>ColorCustomization</type></children><children><children><children><children><name/><inputValue>Martina Bartolozzi </inputValue><label>Testo</label><type>TextCustomization</type></children><priceDelta><amount>0</amount></priceDelta><type>FlatRatePriceDeltaContainerCustomization</type></children><name>Entrada de texto 1</name><label>Entrada de texto 1</label><position><x>101</x><y>162</y></position><type>PlacementContainerCustomization</type><dimension><width>240</width><height>39</height></dimension></children><type>ContainerCustomization</type></children><name>Texto 1</name><label>Texto 1</label><type>ContainerCustomization</type></children><type>FlatContainerCustomization</type></children><svg>0091297d-e068-0c15-cedd-8ce3e89c568c.svg</svg><name>Superficie 1</name><baseImage><imageUrl>https://m.media-amazon.com/images/S/gestalt-seller-images-prod-eu-west-1/APJ6JRA9NG5V4/A1JLJW2WT6ZDLU/f80150ba-c899-4201-81f9-a35dfef3c0eb.jpg</imageUrl><dimension><width>400</width><height>400</height></dimension></baseImage><label>Sfondo</label><type>PreviewContainerCustomization</type><snapshot><imageName>8963602e-5769-fa47-832d-3d62a2881088.jpg</imageName><dimension><width>400</width><height>400</height></dimension></snapshot></children><type>PageContainerCustomization</type></customizationData><orderItemId>28476117975522</orderItemId><asin>B07Z7QQ8KK</asin><customizationInfo><version3.0><surfaces><name>Sfondo</name><areas><optionValue>Senza icona</optionValue><name>Desplegable de opciones 1</name><priceDelta><value>0.0</value></priceDelta><label>Icona</label><customizationType>Options</customizationType><optionImage/></areas><areas><colorName>Negro</colorName><fontFamily>Inglesa</fontFamily><Position><x>101</x><y>162</y></Position><name>Entrada de texto 1</name><Dimensions><width>240</width><height>39</height></Dimensions><priceDelta><value>0.0</value></priceDelta><label>Testo</label><text>Martina Bartolozzi </text><fill>#000000</fill><customizationType>TextPrinting</customizationType></areas></surfaces></version3.0></customizationInfo><title>Haberdashery Online 100 Etichete Bianche Personalizzate in Ferro su Tessuto per contrassegnate i Vostri Vestiti con un&apos;icona di Colore (Forme)</title><legacyOrderItemId>47060461609947</legacyOrderItemId></data>