{
  "orderId" : "402-2338779-0024326",
  "orderItemId" : "28476818130202",
  "legacyOrderItemId" : "14723375938499",
  "merchantId" : "A1JLJW2WT6ZDLU",
  "marketplaceId" : "APJ6JRA9NG5V4",
  "asin" : "B07S69XPT5",
  "title" : "50 etichette adesive personalizzate per matite, penne e pennarelli. Adesivi scolastici con nome per contrassegnare gli oggetti. Adesivi impermeabili per scuola. Misura 4,6 x 0,6 cm",
  "quantity" : 1,
  "customizationData" : {
    "type" : "PageContainerCustomization",
    "children" : [ {
      "type" : "PreviewContainerCustomization",
      "name" : "Sfondo",
      "label" : "Sfondo",
      "children" : [ {
        "type" : "FlatContainerCustomization",
        "children" : [ {
          "type" : "OptionCustomization",
          "name" : "Laminato Protettivo",
          "label" : "Laminato Protettivo",
          "optionSelection" : {
            "name" : "Non",
            "label" : "Non",
            "additionalCost" : {
              "amount" : 0,
              "currency" : "EUR"
            }
          },
          "displayValue" : "Non"
        }, {
          "type" : "OptionCustomization",
          "name" : "Icona",
          "label" : "Icona",
          "optionSelection" : {
            "name" : "148. Arcobaleno",
            "label" : "148. Arcobaleno",
            "additionalCost" : {
              "amount" : 0.99,
              "currency" : "EUR"
            },
            "thumbnailImage" : {
              "imageUrl" : "https://m.media-amazon.com/images/S/gestalt-seller-images-prod-eu-west-1/APJ6JRA9NG5V4/A1JLJW2WT6ZDLU/500a4986-76b6-4c49-981a-ee761228a93b.png",
              "dimension" : {
                "width" : 200,
                "height" : 200
              }
            },
            "overlayImage" : {
              "imageUrl" : "https://m.media-amazon.com/images/S/gestalt-seller-images-prod-eu-west-1/APJ6JRA9NG5V4/A1JLJW2WT6ZDLU/ac72d179-6cce-44d8-824c-36a6785b80e3.png",
              "dimension" : {
                "width" : 400,
                "height" : 400
              }
            }
          },
          "displayValue" : "148. Arcobaleno"
        }, {
          "type" : "ContainerCustomization",
          "name" : "TextInput",
          "label" : "Texto 1",
          "children" : [ {
            "type" : "FontCustomization",
            "name" : "",
            "label" : "Nome carattere",
            "fontSelection" : {
              "family" : "Bonita"
            }
          }, {
            "type" : "ColorCustomization",
            "name" : "",
            "label" : "Colore del carattere",
            "colorSelection" : {
              "name" : "Nero C21",
              "value" : "#000000",
              "colorModel" : "rgb"
            }
          }, {
            "type" : "ContainerCustomization",
            "children" : [ {
              "type" : "PlacementContainerCustomization",
              "name" : "Testo",
              "label" : "Entrada de texto 1",
              "children" : [ {
                "type" : "FlatRatePriceDeltaContainerCustomization",
                "children" : [ {
                  "type" : "TextCustomization",
                  "name" : "",
                  "label" : "Testo",
                  "inputValue" : "Joy Guglielmi"
                } ],
                "priceDelta" : {
                  "amount" : 0
                }
              } ],
              "dimension" : {
                "width" : 243,
                "height" : 38
              },
              "position" : {
                "x" : 99,
                "y" : 162
              }
            } ]
          } ]
        } ]
      } ],
      "baseImage" : {
        "imageUrl" : "https://m.media-amazon.com/images/S/gestalt-seller-images-prod-eu-west-1/APJ6JRA9NG5V4/A1JLJW2WT6ZDLU/988ba455-4e69-455f-9348-aae29dca25cf.jpg",
        "dimension" : {
          "width" : 400,
          "height" : 400
        }
      },
      "snapshot" : {
        "imageName" : "53a7274f-690b-ac77-55f6-2167d78b4589.jpg",
        "dimension" : {
          "width" : 400,
          "height" : 400
        }
      },
      "svg" : "d6c95c84-509b-bc48-dcd1-fea98f5c322e.svg"
    } ]
  },
  "customizationInfo" : {
    "version3.0" : {
      "surfaces" : [ {
        "name" : "Sfondo",
        "areas" : [ {
          "customizationType" : "Options",
          "name" : "Laminato Protettivo",
          "label" : "Laminato Protettivo",
          "optionValue" : "Non",
          "priceDelta" : {
            "currency" : "EUR",
            "value" : 0.0
          },
          "optionImage" : ""
        }, {
          "customizationType" : "Options",
          "name" : "Icona",
          "label" : "Icona",
          "optionValue" : "148. Arcobaleno",
          "priceDelta" : {
            "currency" : "EUR",
            "value" : 0.99
          },
          "optionImage" : "https://m.media-amazon.com/images/S/gestalt-seller-images-prod-eu-west-1/APJ6JRA9NG5V4/A1JLJW2WT6ZDLU/ac72d179-6cce-44d8-824c-36a6785b80e3.png"
        }, {
          "customizationType" : "TextPrinting",
          "colorName" : "Nero C21",
          "fill" : "#000000",
          "fontFamily" : "Bonita",
          "Dimensions" : {
            "width" : 243,
            "height" : 38
          },
          "Position" : {
            "x" : 99,
            "y" : 162
          },
          "priceDelta" : {
            "value" : 0.0
          },
          "name" : "Testo",
          "label" : "Testo",
          "text" : "Joy Guglielmi"
        } ]
      } ]
    }
  }
}