<data><marketplaceId>APJ6JRA9NG5V4</marketplaceId><quantity>1</quantity><orderId>402-2338779-0024326</orderId><merchantId>A1JLJW2WT6ZDLU</merchantId><customizationData><children><children><children><displayValue>Non</displayValue><name>Laminato Protettivo</name><label>Laminato Protettivo</label><type>OptionCustomization</type><optionSelection><name>Non</name><label>Non</label><additionalCost><amount>0</amount><currency>EUR</currency></additionalCost></optionSelection></children><children><displayValue>148. Arcobaleno</displayValue><name>Icona</name><label>Icona</label><type>OptionCustomization</type><optionSelection><name>148. Arcobaleno</name><overlayImage><imageUrl>https://m.media-amazon.com/images/S/gestalt-seller-images-prod-eu-west-1/APJ6JRA9NG5V4/A1JLJW2WT6ZDLU/ac72d179-6cce-44d8-824c-36a6785b80e3.png</imageUrl><dimension><width>400</width><height>400</height></dimension></overlayImage><label>148. Arcobaleno</label><thumbnailImage><imageUrl>https://m.media-amazon.com/images/S/gestalt-seller-images-prod-eu-west-1/APJ6JRA9NG5V4/A1JLJW2WT6ZDLU/500a4986-76b6-4c49-981a-ee761228a93b.png</imageUrl><dimension><width>200</width><height>200</height></dimension></thumbnailImage><additionalCost><amount>0.99</amount><currency>EUR</currency></additionalCost></optionSelection></children><children><children><name/><label>Nome carattere</label><type>FontCustomization</type><fontSelection><family>Bonita</family></fontSelection></children><children><colorSelection><name>Nero C21</name><colorModel>rgb</colorModel><value>#000000</value></colorSelection><name/><label>Colore del carattere</label><type>ColorCustomization</type></children><children><children><children><children><name/><inputValue>Joy Guglielmi</inputValue><label>Testo</label><type>TextCustomization</type></children><priceDelta><amount>0</amount></priceDelta><type>FlatRatePriceDeltaContainerCustomization</type></children><name>Testo</name><label>Entrada de texto 1</label><position><x>99</x><y>162</y></position><type>PlacementContainerCustomization</type><dimension><width>243</width><height>38</height></dimension></children><type>ContainerCustomization</type></children><name>TextInput</name><label>Texto 1</label><type>ContainerCustomization</type></children><type>FlatContainerCustomization</type></children><svg>d6c95c84-509b-bc48-dcd1-fea98f5c322e.svg</svg><name>Sfondo</name><baseImage><imageUrl>https://m.media-amazon.com/images/S/gestalt-seller-images-prod-eu-west-1/APJ6JRA9NG5V4/A1JLJW2WT6ZDLU/988ba455-4e69-455f-9348-aae29dca25cf.jpg</imageUrl><dimension><width>400</width><height>400</height></dimension></baseImage><label>Sfondo</label><type>PreviewContainerCustomization</type><snapshot><imageName>53a7274f-690b-ac77-55f6-2167d78b4589.jpg</imageName><dimension><width>400</width><height>400</height></dimension></snapshot></children><type>PageContainerCustomization</type></customizationData><orderItemId>28476818130202</orderItemId><asin>B07S69XPT5</asin><customizationInfo><version3.0><surfaces><name>Sfondo</name><areas><optionValue>Non</optionValue><name>Laminato Protettivo</name><priceDelta><currency>EUR</currency><value>0.0</value></priceDelta><label>Laminato Protettivo</label><customizationType>Options</customizationType><optionImage/></areas><areas><optionValue>148. Arcobaleno</optionValue><name>Icona</name><priceDelta><currency>EUR</currency><value>0.99</value></priceDelta><label>Icona</label><customizationType>Options</customizationType><optionImage>https://m.media-amazon.com/images/S/gestalt-seller-images-prod-eu-west-1/APJ6JRA9NG5V4/A1JLJW2WT6ZDLU/ac72d179-6cce-44d8-824c-36a6785b80e3.png</optionImage></areas><areas><colorName>Nero C21</colorName><fontFamily>Bonita</fontFamily><Position><x>99</x><y>162</y></Position><name>Testo</name><Dimensions><width>243</width><height>38</height></Dimensions><priceDelta><value>0.0</value></priceDelta><label>Testo</label><text>Joy Guglielmi</text><fill>#000000</fill><customizationType>TextPrinting</customizationType></areas></surfaces></version3.0></customizationInfo><title>50 etichette adesive personalizzate per matite, penne e pennarelli. Adesivi scolastici con nome per contrassegnare gli oggetti. Adesivi impermeabili per scuola. Misura 4,6 x 0,6 cm</title><legacyOrderItemId>14723375938499</legacyOrderItemId></data>