<data><marketplaceId>A13V1IB3VIYZZH</marketplaceId><quantity>1</quantity><orderId>404-1310417-0606745</orderId><merchantId>A1JLJW2WT6ZDLU</merchantId><customizationData><children><children><children><displayValue>3. France</displayValue><name>Drapeau</name><label>Drapeau</label><type>OptionCustomization</type><optionSelection><name>3. France</name><overlayImage><imageUrl>https://m.media-amazon.com/images/S/gestalt-seller-images-prod-eu-west-1/A13V1IB3VIYZZH/A1JLJW2WT6ZDLU/68b85d11-b79d-429c-ab79-7f44d80d81e3.png</imageUrl><dimension><width>400</width><height>400</height></dimension></overlayImage><label>3. France</label><thumbnailImage><imageUrl>https://m.media-amazon.com/images/S/gestalt-seller-images-prod-eu-west-1/A13V1IB3VIYZZH/A1JLJW2WT6ZDLU/ccfbc113-ecfb-46b5-aeb7-9e51f9515433.png</imageUrl><dimension><width>200</width><height>200</height></dimension></thumbnailImage><additionalCost><amount>0</amount><currency>EUR</currency></additionalCost></optionSelection></children><children><displayValue>Oui</displayValue><name>Stratifié Protecteur</name><label>Stratifié Protecteur</label><type>OptionCustomization</type><optionSelection><name>Oui</name><overlayImage><imageUrl>https://m.media-amazon.com/images/S/gestalt-seller-images-prod-eu-west-1/A13V1IB3VIYZZH/A1JLJW2WT6ZDLU/a6e57eb8-9c2d-49f8-b0b9-bff758c77273.png</imageUrl><dimension><width>400</width><height>400</height></dimension></overlayImage><label>Oui</label><additionalCost><amount>1.99</amount></additionalCost></optionSelection></children><children><children><name/><label>Nom de la police</label><type>FontCustomization</type><fontSelection><family>Forgotten Futurist</family></fontSelection></children><children><colorSelection><name>T0. Blanc</name><colorModel>rgb</colorModel><value>#ffffff</value></colorSelection><name/><label>Couleur de police</label><type>ColorCustomization</type></children><children><children><children><children><name/><inputValue>REMY LVB</inputValue><label>Texte</label><type>TextCustomization</type></children><priceDelta><amount>0</amount></priceDelta><type>FlatRatePriceDeltaContainerCustomization</type></children><name>Texte</name><label>Entrada de texto 1</label><position><x>161</x><y>142</y></position><type>PlacementContainerCustomization</type><dimension><width>213</width><height>42</height></dimension></children><type>ContainerCustomization</type></children><name>Saisie de texte</name><label>Texto 1</label><type>ContainerCustomization</type></children><type>FlatContainerCustomization</type></children><svg>3e989c23-e552-920a-5ec3-452fee6df125.svg</svg><name>Personnalisation</name><baseImage><imageUrl>https://m.media-amazon.com/images/S/gestalt-seller-images-prod-eu-west-1/A13V1IB3VIYZZH/A1JLJW2WT6ZDLU/9c92a926-62a3-473d-a320-bd4d3b662835.png</imageUrl><dimension><width>400</width><height>400</height></dimension></baseImage><label>Personnalisation</label><type>PreviewContainerCustomization</type><snapshot><imageName>9741a97f-2f21-a39f-fb14-b745eb3cc9af.jpg</imageName><dimension><width>400</width><height>400</height></dimension></snapshot></children><type>PageContainerCustomization</type></customizationData><orderItemId>28474915611002</orderItemId><asin>B08Z352NY6</asin><customizationInfo><version3.0><surfaces><name>Personnalisation</name><areas><optionValue>3. France</optionValue><name>Drapeau</name><priceDelta><currency>EUR</currency><value>0.0</value></priceDelta><label>Drapeau</label><customizationType>Options</customizationType><optionImage>https://m.media-amazon.com/images/S/gestalt-seller-images-prod-eu-west-1/A13V1IB3VIYZZH/A1JLJW2WT6ZDLU/68b85d11-b79d-429c-ab79-7f44d80d81e3.png</optionImage></areas><areas><optionValue>Oui</optionValue><name>Stratifié Protecteur</name><priceDelta><value>1.99</value></priceDelta><label>Stratifié Protecteur</label><customizationType>Options</customizationType><optionImage>https://m.media-amazon.com/images/S/gestalt-seller-images-prod-eu-west-1/A13V1IB3VIYZZH/A1JLJW2WT6ZDLU/a6e57eb8-9c2d-49f8-b0b9-bff758c77273.png</optionImage></areas><areas><colorName>T0. Blanc</colorName><fontFamily>Forgotten Futurist</fontFamily><Position><x>161</x><y>142</y></Position><name>Texte</name><Dimensions><width>213</width><height>42</height></Dimensions><priceDelta><value>0.0</value></priceDelta><label>Texte</label><text>REMY LVB</text><fill>#ffffff</fill><customizationType>TextPrinting</customizationType></areas></surfaces></version3.0></customizationInfo><title>9 Autocollants transparents personnalisés avec drapeau et nom à coller sur les vélos, scooters, motos, voitures et accessoires. Étiquettes en vinyle imperméables 100% personnalisables.</title><legacyOrderItemId>07507281891427</legacyOrderItemId></data>