{
  "orderId" : "404-1310417-0606745",
  "orderItemId" : "28474915611002",
  "legacyOrderItemId" : "07507281891427",
  "merchantId" : "A1JLJW2WT6ZDLU",
  "marketplaceId" : "A13V1IB3VIYZZH",
  "asin" : "B08Z352NY6",
  "title" : "9 Autocollants transparents personnalisés avec drapeau et nom à coller sur les vélos, scooters, motos, voitures et accessoires. Étiquettes en vinyle imperméables 100% personnalisables.",
  "quantity" : 1,
  "customizationData" : {
    "type" : "PageContainerCustomization",
    "children" : [ {
      "type" : "PreviewContainerCustomization",
      "name" : "Personnalisation",
      "label" : "Personnalisation",
      "children" : [ {
        "type" : "FlatContainerCustomization",
        "children" : [ {
          "type" : "OptionCustomization",
          "name" : "Drapeau",
          "label" : "Drapeau",
          "optionSelection" : {
            "name" : "3. France",
            "label" : "3. France",
            "additionalCost" : {
              "amount" : 0,
              "currency" : "EUR"
            },
            "thumbnailImage" : {
              "imageUrl" : "https://m.media-amazon.com/images/S/gestalt-seller-images-prod-eu-west-1/A13V1IB3VIYZZH/A1JLJW2WT6ZDLU/ccfbc113-ecfb-46b5-aeb7-9e51f9515433.png",
              "dimension" : {
                "width" : 200,
                "height" : 200
              }
            },
            "overlayImage" : {
              "imageUrl" : "https://m.media-amazon.com/images/S/gestalt-seller-images-prod-eu-west-1/A13V1IB3VIYZZH/A1JLJW2WT6ZDLU/68b85d11-b79d-429c-ab79-7f44d80d81e3.png",
              "dimension" : {
                "width" : 400,
                "height" : 400
              }
            }
          },
          "displayValue" : "3. France"
        }, {
          "type" : "OptionCustomization",
          "name" : "Stratifié Protecteur",
          "label" : "Stratifié Protecteur",
          "optionSelection" : {
            "name" : "Oui",
            "label" : "Oui",
            "additionalCost" : {
              "amount" : 1.99
            },
            "overlayImage" : {
              "imageUrl" : "https://m.media-amazon.com/images/S/gestalt-seller-images-prod-eu-west-1/A13V1IB3VIYZZH/A1JLJW2WT6ZDLU/a6e57eb8-9c2d-49f8-b0b9-bff758c77273.png",
              "dimension" : {
                "width" : 400,
                "height" : 400
              }
            }
          },
          "displayValue" : "Oui"
        }, {
          "type" : "ContainerCustomization",
          "name" : "Saisie de texte",
          "label" : "Texto 1",
          "children" : [ {
            "type" : "FontCustomization",
            "name" : "",
            "label" : "Nom de la police",
            "fontSelection" : {
              "family" : "Forgotten Futurist"
            }
          }, {
            "type" : "ColorCustomization",
            "name" : "",
            "label" : "Couleur de police",
            "colorSelection" : {
              "name" : "T0. Blanc",
              "value" : "#ffffff",
              "colorModel" : "rgb"
            }
          }, {
            "type" : "ContainerCustomization",
            "children" : [ {
              "type" : "PlacementContainerCustomization",
              "name" : "Texte",
              "label" : "Entrada de texto 1",
              "children" : [ {
                "type" : "FlatRatePriceDeltaContainerCustomization",
                "children" : [ {
                  "type" : "TextCustomization",
                  "name" : "",
                  "label" : "Texte",
                  "inputValue" : "REMY LVB"
                } ],
                "priceDelta" : {
                  "amount" : 0
                }
              } ],
              "dimension" : {
                "width" : 213,
                "height" : 42
              },
              "position" : {
                "x" : 161,
                "y" : 142
              }
            } ]
          } ]
        } ]
      } ],
      "baseImage" : {
        "imageUrl" : "https://m.media-amazon.com/images/S/gestalt-seller-images-prod-eu-west-1/A13V1IB3VIYZZH/A1JLJW2WT6ZDLU/9c92a926-62a3-473d-a320-bd4d3b662835.png",
        "dimension" : {
          "width" : 400,
          "height" : 400
        }
      },
      "snapshot" : {
        "imageName" : "9741a97f-2f21-a39f-fb14-b745eb3cc9af.jpg",
        "dimension" : {
          "width" : 400,
          "height" : 400
        }
      },
      "svg" : "3e989c23-e552-920a-5ec3-452fee6df125.svg"
    } ]
  },
  "customizationInfo" : {
    "version3.0" : {
      "surfaces" : [ {
        "name" : "Personnalisation",
        "areas" : [ {
          "customizationType" : "Options",
          "name" : "Drapeau",
          "label" : "Drapeau",
          "optionValue" : "3. France",
          "priceDelta" : {
            "currency" : "EUR",
            "value" : 0.0
          },
          "optionImage" : "https://m.media-amazon.com/images/S/gestalt-seller-images-prod-eu-west-1/A13V1IB3VIYZZH/A1JLJW2WT6ZDLU/68b85d11-b79d-429c-ab79-7f44d80d81e3.png"
        }, {
          "customizationType" : "Options",
          "name" : "Stratifié Protecteur",
          "label" : "Stratifié Protecteur",
          "optionValue" : "Oui",
          "priceDelta" : {
            "value" : 1.99
          },
          "optionImage" : "https://m.media-amazon.com/images/S/gestalt-seller-images-prod-eu-west-1/A13V1IB3VIYZZH/A1JLJW2WT6ZDLU/a6e57eb8-9c2d-49f8-b0b9-bff758c77273.png"
        }, {
          "customizationType" : "TextPrinting",
          "colorName" : "T0. Blanc",
          "fill" : "#ffffff",
          "fontFamily" : "Forgotten Futurist",
          "Dimensions" : {
            "width" : 213,
            "height" : 42
          },
          "Position" : {
            "x" : 161,
            "y" : 142
          },
          "priceDelta" : {
            "value" : 0.0
          },
          "name" : "Texte",
          "label" : "Texte",
          "text" : "REMY LVB"
        } ]
      } ]
    }
  }
}