<data><marketplaceId>APJ6JRA9NG5V4</marketplaceId><quantity>1</quantity><orderId>407-2472248-6869903</orderId><merchantId>A1JLJW2WT6ZDLU</merchantId><customizationData><children><children><children><children><name>Nome carattere</name><label>Nome carattere</label><type>FontCustomization</type><fontSelection><family>Trebuchet</family></fontSelection></children><children><colorSelection><name>Nero</name><colorModel>rgb</colorModel><value>#000000</value></colorSelection><label>Colore del carattere</label><type>ColorCustomization</type></children><children><children><children><name>Il tuo testo</name><inputValue>Leonardo C.</inputValue><label>Il tuo testo</label><type>TextCustomization</type></children><position><x>86</x><y>158</y></position><type>PlacementContainerCustomization</type><dimension><width>228</width><height>43</height></dimension></children><type>ContainerCustomization</type></children><name>TextInput</name><label>Immissione testo</label><type>ContainerCustomization</type></children><type>FlatContainerCustomization</type></children><svg>e3fd3088-9251-7869-9d6c-e2a09f6e1855.svg</svg><name>Il tuo testo</name><baseImage><imageUrl>https://m.media-amazon.com/images/S/pc-vendor-gallery-prod-eu/A1JLJW2WT6ZDLU/productImage/2018-03-19/bfe13631-ff85-433e-a3d7-b8169566a3fd.jpg</imageUrl><dimension><width>400</width><height>400</height></dimension></baseImage><label>Il tuo testo</label><type>PreviewContainerCustomization</type><snapshot><imageName>6a245df2-0b7f-a0ac-7f8c-d83a240e343f.jpg</imageName><dimension><width>400</width><height>400</height></dimension></snapshot></children><type>PageContainerCustomization</type></customizationData><orderItemId>28476304089042</orderItemId><asin>B00P81M16M</asin><customizationInfo><version3.0><surfaces><name>Il tuo testo</name><areas><colorName>Nero</colorName><fontFamily>Trebuchet</fontFamily><Position><x>86</x><y>158</y></Position><name>Il tuo testo</name><Dimensions><width>228</width><height>43</height></Dimensions><label>Il tuo testo</label><text>Leonardo C.</text><fill>#000000</fill><customizationType>TextPrinting</customizationType></areas></surfaces></version3.0></customizationInfo><title>Etichette personalizzate termoadesive per asilo. Set per marcare nomi da stirare con ferro sui vestiti per bambini, grembiuli, abbigliamento (100)</title><legacyOrderItemId>50149370925131</legacyOrderItemId></data>