<data><marketplaceId>APJ6JRA9NG5V4</marketplaceId><quantity>1</quantity><orderId>406-2742933-8917108</orderId><merchantId>A1JLJW2WT6ZDLU</merchantId><customizationData><children><children><children><displayValue>Dentro</displayValue><name>Posizionamento</name><label>Posizionamento</label><type>OptionCustomization</type><optionSelection><name>Dentro</name><overlayImage><imageUrl>https://m.media-amazon.com/images/S/gestalt-seller-images-prod-eu-west-1/APJ6JRA9NG5V4/A1JLJW2WT6ZDLU/a3b2ef0b-376f-49d9-90a5-d9beab333bac.jpg</imageUrl><dimension><width>400</width><height>400</height></dimension></overlayImage><label>Dentro</label><additionalCost><amount>2</amount></additionalCost></optionSelection></children><type>FlatContainerCustomization</type></children><svg>7eac948d-a0a2-ee24-9adb-266b00a5285e.svg</svg><name>Posizionamento</name><baseImage><imageUrl>https://m.media-amazon.com/images/S/gestalt-seller-images-prod-eu-west-1/APJ6JRA9NG5V4/A1JLJW2WT6ZDLU/b987817e-cc62-44b8-81f2-3eeabf0c91a6.jpg</imageUrl><dimension><width>1000</width><height>1000</height></dimension></baseImage><label>Posizionamento</label><type>PreviewContainerCustomization</type><snapshot><imageName>67e981c3-2745-0b8a-5937-610bb4676d7e.jpg</imageName><dimension><width>400</width><height>400</height></dimension></snapshot></children><type>PageContainerCustomization</type></customizationData><orderItemId>28474828488202</orderItemId><asin>B08LNNVK6W</asin><customizationInfo><version3.0><surfaces><name>Posizionamento</name><areas><optionValue>Dentro</optionValue><name>Posizionamento</name><priceDelta><value>2.0</value></priceDelta><label>Posizionamento</label><customizationType>Options</customizationType><optionImage>https://m.media-amazon.com/images/S/gestalt-seller-images-prod-eu-west-1/APJ6JRA9NG5V4/A1JLJW2WT6ZDLU/a3b2ef0b-376f-49d9-90a5-d9beab333bac.jpg</optionImage></areas></surfaces></version3.0></customizationInfo><title>Adesivo Bebe a bordo per l&apos;auto. Adesivi in vinile Bimbo o bimba a bordo anche per moto. 15 x 13,7 cm.</title><legacyOrderItemId>14329707625843</legacyOrderItemId></data>