<data><marketplaceId>APJ6JRA9NG5V4</marketplaceId><quantity>1</quantity><orderId>408-5718706-8606726</orderId><merchantId>A1JLJW2WT6ZDLU</merchantId><customizationData><children><children><children><displayValue>173. Dinosaur T-Rex</displayValue><name>Icona</name><label>Icona</label><type>OptionCustomization</type><optionSelection><name>173. Dinosaur T-Rex</name><overlayImage><imageUrl>https://m.media-amazon.com/images/S/gestalt-seller-images-prod-eu-west-1/APJ6JRA9NG5V4/A1JLJW2WT6ZDLU/5a456894-b4eb-47d0-a96b-56bf3976c0c7.png</imageUrl><dimension><width>400</width><height>400</height></dimension></overlayImage><label>173. Dinosaur T-Rex</label><thumbnailImage><imageUrl>https://m.media-amazon.com/images/S/gestalt-seller-images-prod-eu-west-1/APJ6JRA9NG5V4/A1JLJW2WT6ZDLU/be536402-3bbc-4389-8435-068f7e04559d.png</imageUrl><dimension><width>200</width><height>200</height></dimension></thumbnailImage><additionalCost><amount>1.99</amount></additionalCost></optionSelection></children><children><children><name/><label>Nome carattere</label><type>FontCustomization</type><fontSelection><family>Normal</family></fontSelection></children><children><colorSelection><name>Nero C9</name><colorModel>rgb</colorModel><value>#000000</value></colorSelection><name/><label>Colore del carattere</label><type>ColorCustomization</type></children><children><children><children><children><name/><inputValue>DANIELE DI RENZO</inputValue><label>Testo</label><type>TextCustomization</type></children><priceDelta><amount>0</amount></priceDelta><type>FlatRatePriceDeltaContainerCustomization</type></children><name/><label>Entrada de texto 1</label><position><x>106</x><y>163</y></position><type>PlacementContainerCustomization</type><dimension><width>246</width><height>41</height></dimension></children><type>ContainerCustomization</type></children><name>TextInput</name><label>Texto 1</label><type>ContainerCustomization</type></children><type>FlatContainerCustomization</type></children><svg>924384a3-d6da-baa4-606e-319ff1d6ab1a.svg</svg><name>Superficie</name><baseImage><imageUrl>https://m.media-amazon.com/images/S/gestalt-seller-images-prod-eu-west-1/APJ6JRA9NG5V4/A1JLJW2WT6ZDLU/400bde68-4add-4a7a-9c91-2b38b42a886e.jpg</imageUrl><dimension><width>400</width><height>400</height></dimension></baseImage><label>Superficie</label><type>PreviewContainerCustomization</type><snapshot><imageName>51e523d5-50fc-5aa9-5852-eaf61cf3b9dd.jpg</imageName><dimension><width>400</width><height>400</height></dimension></snapshot></children><type>PageContainerCustomization</type></customizationData><orderItemId>28476326319922</orderItemId><asin>B07T7NJ8VR</asin><customizationInfo><version3.0><surfaces><name>Superficie</name><areas><optionValue>173. Dinosaur T-Rex</optionValue><name>Icona</name><priceDelta><value>1.99</value></priceDelta><label>Icona</label><customizationType>Options</customizationType><optionImage>https://m.media-amazon.com/images/S/gestalt-seller-images-prod-eu-west-1/APJ6JRA9NG5V4/A1JLJW2WT6ZDLU/5a456894-b4eb-47d0-a96b-56bf3976c0c7.png</optionImage></areas><areas><colorName>Nero C9</colorName><fontFamily>Normal</fontFamily><Position><x>106</x><y>163</y></Position><name/><Dimensions><width>246</width><height>41</height></Dimensions><priceDelta><value>0.0</value></priceDelta><label>Testo</label><text>DANIELE DI RENZO</text><fill>#000000</fill><customizationType>TextPrinting</customizationType></areas></surfaces></version3.0></customizationInfo><title>Haberdashery Online 50 Etichette per Vestiti termoadesive Personalizzate con Il Nome per contrassegnare l&apos;Abbigliamento dei Bambini. Adesivi da Stiro, Resistenti a Lavatrice e asciugatrice, 6x1cm</title><legacyOrderItemId>41970323128811</legacyOrderItemId></data>