{
  "orderId" : "403-2670924-5117954",
  "orderItemId" : "28476475203722",
  "legacyOrderItemId" : "54367571396339",
  "merchantId" : "A1JLJW2WT6ZDLU",
  "marketplaceId" : "APJ6JRA9NG5V4",
  "asin" : "B09SB36DQX",
  "title" : "ETIKIDS Adesivi per la comunione. Adesivi personalizzati con nome e data per i regali dei tuoi ospiti. Dimensioni 45/60/75 mm (Ragazzo bruno)",
  "quantity" : 1,
  "customizationData" : {
    "type" : "PageContainerCustomization",
    "children" : [ {
      "type" : "PreviewContainerCustomization",
      "name" : "Superficie 1",
      "label" : "Fondo",
      "children" : [ {
        "type" : "FlatContainerCustomization",
        "children" : [ {
          "type" : "OptionCustomization",
          "name" : "Misurare",
          "label" : "Misurare",
          "optionSelection" : {
            "name" : "60mm (30und)",
            "label" : "60mm (30und)",
            "additionalCost" : {
              "amount" : 0.99
            }
          },
          "displayValue" : "60mm (30und)"
        }, {
          "type" : "ContainerCustomization",
          "name" : "Texto 1",
          "label" : "Texto 1",
          "children" : [ {
            "type" : "FontCustomization",
            "label" : "Font",
            "fontSelection" : {
              "family" : "Lobster"
            }
          }, {
            "type" : "ColorCustomization",
            "label" : "Colore",
            "colorSelection" : {
              "name" : "Azul",
              "value" : "#2b3b63",
              "colorModel" : "rgb"
            }
          }, {
            "type" : "ContainerCustomization",
            "children" : [ {
              "type" : "PlacementContainerCustomization",
              "name" : "Entrada de texto 1",
              "label" : "Entrada de texto 1",
              "children" : [ {
                "type" : "TextCustomization",
                "label" : "Testo 1",
                "inputValue" : "Federico "
              } ],
              "dimension" : {
                "width" : 170,
                "height" : 38
              },
              "position" : {
                "x" : 113,
                "y" : 100
              }
            } ]
          } ]
        }, {
          "type" : "ContainerCustomization",
          "name" : "Texto 2",
          "label" : "Texto 2",
          "children" : [ {
            "type" : "FontCustomization",
            "label" : "Font",
            "fontSelection" : {
              "family" : "Amatic SC"
            }
          }, {
            "type" : "ColorCustomization",
            "label" : "Colore",
            "colorSelection" : {
              "name" : "Nero",
              "value" : "#000000",
              "colorModel" : "rgb"
            }
          }, {
            "type" : "ContainerCustomization",
            "children" : [ {
              "type" : "PlacementContainerCustomization",
              "name" : "Entrada de texto 1",
              "label" : "Entrada de texto 1",
              "children" : [ {
                "type" : "TextCustomization",
                "label" : "Testo 2",
                "inputValue" : "14/05/2023"
              } ],
              "dimension" : {
                "width" : 208,
                "height" : 29
              },
              "position" : {
                "x" : 98,
                "y" : 143
              }
            } ]
          } ]
        } ]
      } ],
      "baseImage" : {
        "imageUrl" : "https://m.media-amazon.com/images/S/gestalt-seller-images-prod-eu-west-1/APJ6JRA9NG5V4/A1JLJW2WT6ZDLU/73a391ad-5836-4ed0-80e8-37d5abf54104.jpg",
        "dimension" : {
          "width" : 1500,
          "height" : 1500
        }
      },
      "snapshot" : {
        "imageName" : "5f1a6e71-6cc1-e964-c383-ac4df90d54ee.jpg",
        "dimension" : {
          "width" : 400,
          "height" : 400
        }
      },
      "svg" : "1dac94e4-53d7-996d-e8e0-4e47be7f94ca.svg"
    } ]
  },
  "customizationInfo" : {
    "version3.0" : {
      "surfaces" : [ {
        "name" : "Fondo",
        "areas" : [ {
          "customizationType" : "Options",
          "name" : "Misurare",
          "label" : "Misurare",
          "optionValue" : "60mm (30und)",
          "priceDelta" : {
            "value" : 0.99
          },
          "optionImage" : ""
        }, {
          "customizationType" : "TextPrinting",
          "colorName" : "Azul",
          "fill" : "#2b3b63",
          "fontFamily" : "Lobster",
          "Dimensions" : {
            "width" : 170,
            "height" : 38
          },
          "Position" : {
            "x" : 113,
            "y" : 100
          },
          "name" : "Entrada de texto 1",
          "label" : "Testo 1",
          "text" : "Federico "
        }, {
          "customizationType" : "TextPrinting",
          "colorName" : "Nero",
          "fill" : "#000000",
          "fontFamily" : "Amatic SC",
          "Dimensions" : {
            "width" : 208,
            "height" : 29
          },
          "Position" : {
            "x" : 98,
            "y" : 143
          },
          "name" : "Entrada de texto 1",
          "label" : "Testo 2",
          "text" : "14/05/2023"
        } ]
      } ]
    }
  }
}