<data><marketplaceId>APJ6JRA9NG5V4</marketplaceId><quantity>1</quantity><orderId>403-2670924-5117954</orderId><merchantId>A1JLJW2WT6ZDLU</merchantId><customizationData><children><children><children><displayValue>60mm (30und)</displayValue><name>Misurare</name><label>Misurare</label><type>OptionCustomization</type><optionSelection><name>60mm (30und)</name><label>60mm (30und)</label><additionalCost><amount>0.99</amount></additionalCost></optionSelection></children><children><children><label>Font</label><type>FontCustomization</type><fontSelection><family>Lobster</family></fontSelection></children><children><colorSelection><name>Azul</name><colorModel>rgb</colorModel><value>#2b3b63</value></colorSelection><label>Colore</label><type>ColorCustomization</type></children><children><children><children><inputValue>Federico </inputValue><label>Testo 1</label><type>TextCustomization</type></children><name>Entrada de texto 1</name><label>Entrada de texto 1</label><position><x>113</x><y>100</y></position><type>PlacementContainerCustomization</type><dimension><width>170</width><height>38</height></dimension></children><type>ContainerCustomization</type></children><name>Texto 1</name><label>Texto 1</label><type>ContainerCustomization</type></children><children><children><label>Font</label><type>FontCustomization</type><fontSelection><family>Amatic SC</family></fontSelection></children><children><colorSelection><name>Nero</name><colorModel>rgb</colorModel><value>#000000</value></colorSelection><label>Colore</label><type>ColorCustomization</type></children><children><children><children><inputValue>14/05/2023</inputValue><label>Testo 2</label><type>TextCustomization</type></children><name>Entrada de texto 1</name><label>Entrada de texto 1</label><position><x>98</x><y>143</y></position><type>PlacementContainerCustomization</type><dimension><width>208</width><height>29</height></dimension></children><type>ContainerCustomization</type></children><name>Texto 2</name><label>Texto 2</label><type>ContainerCustomization</type></children><type>FlatContainerCustomization</type></children><svg>1dac94e4-53d7-996d-e8e0-4e47be7f94ca.svg</svg><name>Superficie 1</name><baseImage><imageUrl>https://m.media-amazon.com/images/S/gestalt-seller-images-prod-eu-west-1/APJ6JRA9NG5V4/A1JLJW2WT6ZDLU/73a391ad-5836-4ed0-80e8-37d5abf54104.jpg</imageUrl><dimension><width>1500</width><height>1500</height></dimension></baseImage><label>Fondo</label><type>PreviewContainerCustomization</type><snapshot><imageName>5f1a6e71-6cc1-e964-c383-ac4df90d54ee.jpg</imageName><dimension><width>400</width><height>400</height></dimension></snapshot></children><type>PageContainerCustomization</type></customizationData><orderItemId>28476475203722</orderItemId><asin>B09SB36DQX</asin><customizationInfo><version3.0><surfaces><name>Fondo</name><areas><optionValue>60mm (30und)</optionValue><name>Misurare</name><priceDelta><value>0.99</value></priceDelta><label>Misurare</label><customizationType>Options</customizationType><optionImage/></areas><areas><colorName>Azul</colorName><fontFamily>Lobster</fontFamily><Position><x>113</x><y>100</y></Position><name>Entrada de texto 1</name><Dimensions><width>170</width><height>38</height></Dimensions><label>Testo 1</label><text>Federico </text><fill>#2b3b63</fill><customizationType>TextPrinting</customizationType></areas><areas><colorName>Nero</colorName><fontFamily>Amatic SC</fontFamily><Position><x>98</x><y>143</y></Position><name>Entrada de texto 1</name><Dimensions><width>208</width><height>29</height></Dimensions><label>Testo 2</label><text>14/05/2023</text><fill>#000000</fill><customizationType>TextPrinting</customizationType></areas></surfaces></version3.0></customizationInfo><title>ETIKIDS Adesivi per la comunione. Adesivi personalizzati con nome e data per i regali dei tuoi ospiti. Dimensioni 45/60/75 mm (Ragazzo bruno)</title><legacyOrderItemId>54367571396339</legacyOrderItemId></data>