{
  "orderId" : "304-5436248-3118732",
  "orderItemId" : "28474924765922",
  "legacyOrderItemId" : "42480920681179",
  "merchantId" : "A1JLJW2WT6ZDLU",
  "marketplaceId" : "A1PA6795UKMFR9",
  "asin" : "B07PN3V5NN",
  "title" : "100 Namensschilder zum Einnähen. Bänder zum Festnähen",
  "quantity" : 1,
  "customizationData" : {
    "type" : "PageContainerCustomization",
    "children" : [ {
      "type" : "PreviewContainerCustomization",
      "name" : "Setzen Sie Ihren Text",
      "label" : "Setzen Sie Ihren Text",
      "children" : [ {
        "type" : "FlatContainerCustomization",
        "children" : [ {
          "type" : "ContainerCustomization",
          "name" : "TextInput",
          "label" : "Texteingabe",
          "children" : [ {
            "type" : "FontCustomization",
            "name" : "Schriftart",
            "label" : "Schriftart",
            "fontSelection" : {
              "family" : "Trebuchet"
            }
          }, {
            "type" : "ColorCustomization",
            "name" : "Schriftfarbe",
            "label" : "Schriftfarbe",
            "colorSelection" : {
              "name" : "Schwarz",
              "value" : "#000",
              "colorModel" : "rgb"
            }
          }, {
            "type" : "ContainerCustomization",
            "children" : [ {
              "type" : "PlacementContainerCustomization",
              "children" : [ {
                "type" : "FlatRatePriceDeltaContainerCustomization",
                "children" : [ {
                  "type" : "TextCustomization",
                  "name" : "Setzen Sie Ihren Text",
                  "label" : "Setzen Sie Ihren Text",
                  "inputValue" : "D58                   D58"
                } ],
                "priceDelta" : {
                  "amount" : 0
                }
              } ],
              "dimension" : {
                "width" : 210,
                "height" : 27
              },
              "position" : {
                "x" : 97,
                "y" : 165
              }
            } ]
          } ]
        } ]
      } ],
      "baseImage" : {
        "imageUrl" : "https://m.media-amazon.com/images/S/pc-vendor-gallery-prod-eu/A1JLJW2WT6ZDLU/productImage/2019-03-12/390a9e7d-d40f-4397-ab0c-755ab71545e5.jpg",
        "dimension" : {
          "width" : 400,
          "height" : 400
        }
      },
      "snapshot" : {
        "imageName" : "d5e3e0e5-b02f-4cce-0df0-c4d21c5cfba5.jpg",
        "dimension" : {
          "width" : 400,
          "height" : 400
        }
      },
      "svg" : "00e0ebc5-0e91-f369-353f-8934cd8e503a.svg"
    } ]
  },
  "customizationInfo" : {
    "version3.0" : {
      "surfaces" : [ {
        "name" : "Setzen Sie Ihren Text",
        "areas" : [ {
          "customizationType" : "TextPrinting",
          "colorName" : "Schwarz",
          "fill" : "#000",
          "fontFamily" : "Trebuchet",
          "Dimensions" : {
            "width" : 210,
            "height" : 27
          },
          "Position" : {
            "x" : 97,
            "y" : 165
          },
          "priceDelta" : {
            "value" : 0.0
          },
          "name" : "Setzen Sie Ihren Text",
          "label" : "Setzen Sie Ihren Text",
          "text" : "D58                   D58"
        } ]
      } ]
    }
  }
}