<data><marketplaceId>A1PA6795UKMFR9</marketplaceId><quantity>1</quantity><orderId>304-5436248-3118732</orderId><merchantId>A1JLJW2WT6ZDLU</merchantId><customizationData><children><children><children><children><name>Schriftart</name><label>Schriftart</label><type>FontCustomization</type><fontSelection><family>Trebuchet</family></fontSelection></children><children><colorSelection><name>Schwarz</name><colorModel>rgb</colorModel><value>#000</value></colorSelection><name>Schriftfarbe</name><label>Schriftfarbe</label><type>ColorCustomization</type></children><children><children><children><children><name>Setzen Sie Ihren Text</name><inputValue>D58                   D58</inputValue><label>Setzen Sie Ihren Text</label><type>TextCustomization</type></children><priceDelta><amount>0</amount></priceDelta><type>FlatRatePriceDeltaContainerCustomization</type></children><position><x>97</x><y>165</y></position><type>PlacementContainerCustomization</type><dimension><width>210</width><height>27</height></dimension></children><type>ContainerCustomization</type></children><name>TextInput</name><label>Texteingabe</label><type>ContainerCustomization</type></children><type>FlatContainerCustomization</type></children><svg>00e0ebc5-0e91-f369-353f-8934cd8e503a.svg</svg><name>Setzen Sie Ihren Text</name><baseImage><imageUrl>https://m.media-amazon.com/images/S/pc-vendor-gallery-prod-eu/A1JLJW2WT6ZDLU/productImage/2019-03-12/390a9e7d-d40f-4397-ab0c-755ab71545e5.jpg</imageUrl><dimension><width>400</width><height>400</height></dimension></baseImage><label>Setzen Sie Ihren Text</label><type>PreviewContainerCustomization</type><snapshot><imageName>d5e3e0e5-b02f-4cce-0df0-c4d21c5cfba5.jpg</imageName><dimension><width>400</width><height>400</height></dimension></snapshot></children><type>PageContainerCustomization</type></customizationData><orderItemId>28474924765922</orderItemId><asin>B07PN3V5NN</asin><customizationInfo><version3.0><surfaces><name>Setzen Sie Ihren Text</name><areas><colorName>Schwarz</colorName><fontFamily>Trebuchet</fontFamily><Position><x>97</x><y>165</y></Position><name>Setzen Sie Ihren Text</name><Dimensions><width>210</width><height>27</height></Dimensions><priceDelta><value>0.0</value></priceDelta><label>Setzen Sie Ihren Text</label><text>D58                   D58</text><fill>#000</fill><customizationType>TextPrinting</customizationType></areas></surfaces></version3.0></customizationInfo><title>100 Namensschilder zum Einnähen. Bänder zum Festnähen</title><legacyOrderItemId>42480920681179</legacyOrderItemId></data>