<data><marketplaceId>A13V1IB3VIYZZH</marketplaceId><quantity>1</quantity><orderId>405-5255575-7325169</orderId><merchantId>A1JLJW2WT6ZDLU</merchantId><customizationData><children><children><children><children><name>Nom de la police</name><label>Nom de la police</label><type>FontCustomization</type><fontSelection><family>Trebuchet</family></fontSelection></children><children><colorSelection><name>Noir</name><colorModel>rgb</colorModel><value>#000000</value></colorSelection><label>Couleur de police</label><type>ColorCustomization</type></children><children><children><children><name>Nom</name><inputValue>Pierre MATHIEU</inputValue><label>Nom</label><type>TextCustomization</type></children><position><x>40</x><y>321</y></position><type>PlacementContainerCustomization</type><dimension><width>266</width><height>36</height></dimension></children><type>ContainerCustomization</type></children><name>TextInput</name><label>Saisie de texte</label><type>ContainerCustomization</type></children><type>FlatContainerCustomization</type></children><svg>de3209bd-a94b-2b04-eb61-a9ef1ad31439.svg</svg><name>Nom</name><baseImage><imageUrl>https://m.media-amazon.com/images/S/gestalt-seller-images-prod-eu-west-1/A13V1IB3VIYZZH/A1JLJW2WT6ZDLU/18bde446-ed0e-48c9-acdf-d30f9b7095f1.jpg</imageUrl><dimension><width>400</width><height>400</height></dimension></baseImage><label>Nom</label><type>PreviewContainerCustomization</type><snapshot><imageName>1bfdb325-6377-b19c-8d78-8dcd11625200.jpg</imageName><dimension><width>400</width><height>400</height></dimension></snapshot></children><type>PageContainerCustomization</type></customizationData><orderItemId>28474925218602</orderItemId><asin>B00OY9JEBY</asin><customizationInfo><version3.0><surfaces><name>Nom</name><areas><colorName>Noir</colorName><fontFamily>Trebuchet</fontFamily><Position><x>40</x><y>321</y></Position><name>Nom</name><Dimensions><width>266</width><height>36</height></Dimensions><label>Nom</label><text>Pierre MATHIEU</text><fill>#000000</fill><customizationType>TextPrinting</customizationType></areas></surfaces></version3.0></customizationInfo><title>100 Étiquettes stickers vêtements thermocollantes - Les uniques étiquettes autocollantes personnalisées avec CERTIFICAT ÉCOLOGIQUE. Étiquettes tissu à fixer au fer à repasser, conçu pour les enfants.</title><legacyOrderItemId>64066172009299</legacyOrderItemId></data>