<data><marketplaceId>A13V1IB3VIYZZH</marketplaceId><quantity>1</quantity><orderId>406-0245342-9425918</orderId><merchantId>A1JLJW2WT6ZDLU</merchantId><customizationData><children><children><children><children><name>Nom de la police</name><label>Nom de la police</label><type>FontCustomization</type><fontSelection><family>Trebuchet</family></fontSelection></children><children><colorSelection><name>Noir</name><colorModel>rgb</colorModel><value>#000</value></colorSelection><label>Couleur de police</label><type>ColorCustomization</type></children><children><children><children><name>Nom</name><inputValue>ROCU RENÉ </inputValue><label>Nom</label><type>TextCustomization</type></children><position><x>47</x><y>318</y></position><type>PlacementContainerCustomization</type><dimension><width>256</width><height>38</height></dimension></children><type>ContainerCustomization</type></children><name>TextInput</name><label>Saisie de texte</label><type>ContainerCustomization</type></children><type>FlatContainerCustomization</type></children><svg>5f33991b-5ed2-cc18-2d13-8ea6892be7da.svg</svg><name>Nom</name><baseImage><imageUrl>https://m.media-amazon.com/images/S/gestalt-seller-images-prod-eu-west-1/A13V1IB3VIYZZH/A1JLJW2WT6ZDLU/c27d34a5-f496-462e-b7e8-77f495a7bb63.jpg</imageUrl><dimension><width>400</width><height>400</height></dimension></baseImage><label>Nom</label><type>PreviewContainerCustomization</type><snapshot><imageName>4154b421-a5cf-54d6-d94d-b85a3b11e4be.jpg</imageName><dimension><width>400</width><height>400</height></dimension></snapshot></children><type>PageContainerCustomization</type></customizationData><orderItemId>28474342128442</orderItemId><asin>B07MXJF94Q</asin><customizationInfo><version3.0><surfaces><name>Nom</name><areas><colorName>Noir</colorName><fontFamily>Trebuchet</fontFamily><Position><x>47</x><y>318</y></Position><name>Nom</name><Dimensions><width>256</width><height>38</height></Dimensions><label>Nom</label><text>ROCU RENÉ </text><fill>#000</fill><customizationType>TextPrinting</customizationType></areas></surfaces></version3.0></customizationInfo><title>36 Étiquettes vêtements à coudre. Étiquettes personnalisées tissées pour le nom. Conçu pour les enfants,et pour la maison de retraite.</title><legacyOrderItemId>44799853908131</legacyOrderItemId></data>