{
  "orderId" : "404-8524368-5382726",
  "orderItemId" : "28475373361042",
  "legacyOrderItemId" : "21415033692811",
  "merchantId" : "A1JLJW2WT6ZDLU",
  "marketplaceId" : "A13V1IB3VIYZZH",
  "asin" : "B0914GSSBG",
  "title" : "15 Autocollants de bouteille personnalisés pour les mariages et les célébrations de mariage. Autocollants avec nom à coller sur les bouteilles d'eau 33 cl. Résistant à l'eau et au lave-vaisselle.",
  "quantity" : 1,
  "customizationData" : {
    "type" : "PageContainerCustomization",
    "children" : [ {
      "type" : "PreviewContainerCustomization",
      "name" : "Superficie 1",
      "label" : "Texte frontal",
      "children" : [ {
        "type" : "FlatContainerCustomization",
        "children" : [ {
          "type" : "ContainerCustomization",
          "name" : "Texto 1",
          "label" : "Texto 1",
          "children" : [ {
            "type" : "FontCustomization",
            "label" : "Typographie",
            "fontSelection" : {
              "family" : "Tangerine"
            }
          }, {
            "type" : "ColorCustomization",
            "label" : "Couleur",
            "colorSelection" : {
              "name" : "Negro",
              "value" : "#000000",
              "colorModel" : "rgb"
            }
          }, {
            "type" : "ContainerCustomization",
            "children" : [ {
              "type" : "PlacementContainerCustomization",
              "name" : "Entrada de texto 1",
              "label" : "Entrada de texto 1",
              "children" : [ {
                "type" : "TextCustomization",
                "label" : "Texte frontal",
                "inputValue" : "Mon Baptême "
              } ],
              "dimension" : {
                "width" : 68,
                "height" : 60
              },
              "position" : {
                "x" : 168,
                "y" : 271
              }
            } ]
          } ]
        } ]
      } ],
      "baseImage" : {
        "imageUrl" : "https://m.media-amazon.com/images/S/gestalt-seller-images-prod-eu-west-1/A13V1IB3VIYZZH/A1JLJW2WT6ZDLU/339d9f42-593a-464a-b925-47107c4b657c.jpg",
        "dimension" : {
          "width" : 400,
          "height" : 400
        }
      },
      "snapshot" : {
        "imageName" : "10ab1eb5-13b8-4039-ad38-8b468ccc8fde.jpg",
        "dimension" : {
          "width" : 400,
          "height" : 400
        }
      },
      "svg" : "d5e8fedb-b46a-1e0c-ff1e-ef03761c2279.svg"
    }, {
      "type" : "PreviewContainerCustomization",
      "name" : "Superficie 2",
      "label" : "Texte latéral",
      "children" : [ {
        "type" : "FlatContainerCustomization",
        "children" : [ {
          "type" : "ContainerCustomization",
          "name" : "Texto 1",
          "label" : "Texto 1",
          "children" : [ {
            "type" : "FontCustomization",
            "label" : "Typographie",
            "fontSelection" : {
              "family" : "Tangerine"
            }
          }, {
            "type" : "ColorCustomization",
            "label" : "Couleur",
            "colorSelection" : {
              "name" : "Negro",
              "value" : "#000000",
              "colorModel" : "rgb"
            }
          }, {
            "type" : "ContainerCustomization",
            "children" : [ {
              "type" : "PlacementContainerCustomization",
              "name" : "Entrada de texto 1",
              "label" : "Entrada de texto 1",
              "children" : [ {
                "type" : "TextCustomization",
                "label" : "Texte latéral",
                "inputValue" : "Lisandro "
              } ],
              "dimension" : {
                "width" : 76,
                "height" : 38
              },
              "position" : {
                "x" : 165,
                "y" : 289
              }
            } ]
          } ]
        } ]
      } ],
      "baseImage" : {
        "imageUrl" : "https://m.media-amazon.com/images/S/gestalt-seller-images-prod-eu-west-1/A13V1IB3VIYZZH/A1JLJW2WT6ZDLU/b845a94d-4d6f-4e94-b60f-51f01622469b.jpg",
        "dimension" : {
          "width" : 400,
          "height" : 400
        }
      },
      "snapshot" : {
        "imageName" : "d918bffe-be5e-7a3c-b862-00578b841374.jpg",
        "dimension" : {
          "width" : 400,
          "height" : 400
        }
      },
      "svg" : "ea81a1f5-0d41-86b4-8e03-5cafa0a830bc.svg"
    } ]
  },
  "customizationInfo" : {
    "version3.0" : {
      "surfaces" : [ {
        "name" : "Texte frontal",
        "areas" : [ {
          "customizationType" : "TextPrinting",
          "colorName" : "Negro",
          "fill" : "#000000",
          "fontFamily" : "Tangerine",
          "Dimensions" : {
            "width" : 68,
            "height" : 60
          },
          "Position" : {
            "x" : 168,
            "y" : 271
          },
          "name" : "Entrada de texto 1",
          "label" : "Texte frontal",
          "text" : "Mon Baptême "
        } ]
      }, {
        "name" : "Texte latéral",
        "areas" : [ {
          "customizationType" : "TextPrinting",
          "colorName" : "Negro",
          "fill" : "#000000",
          "fontFamily" : "Tangerine",
          "Dimensions" : {
            "width" : 76,
            "height" : 38
          },
          "Position" : {
            "x" : 165,
            "y" : 289
          },
          "name" : "Entrada de texto 1",
          "label" : "Texte latéral",
          "text" : "Lisandro "
        } ]
      } ]
    }
  }
}