<data><marketplaceId>A13V1IB3VIYZZH</marketplaceId><quantity>1</quantity><orderId>404-8524368-5382726</orderId><merchantId>A1JLJW2WT6ZDLU</merchantId><customizationData><children><children><children><children><label>Typographie</label><type>FontCustomization</type><fontSelection><family>Tangerine</family></fontSelection></children><children><colorSelection><name>Negro</name><colorModel>rgb</colorModel><value>#000000</value></colorSelection><label>Couleur</label><type>ColorCustomization</type></children><children><children><children><inputValue>Mon Baptême </inputValue><label>Texte frontal</label><type>TextCustomization</type></children><name>Entrada de texto 1</name><label>Entrada de texto 1</label><position><x>168</x><y>271</y></position><type>PlacementContainerCustomization</type><dimension><width>68</width><height>60</height></dimension></children><type>ContainerCustomization</type></children><name>Texto 1</name><label>Texto 1</label><type>ContainerCustomization</type></children><type>FlatContainerCustomization</type></children><svg>d5e8fedb-b46a-1e0c-ff1e-ef03761c2279.svg</svg><name>Superficie 1</name><baseImage><imageUrl>https://m.media-amazon.com/images/S/gestalt-seller-images-prod-eu-west-1/A13V1IB3VIYZZH/A1JLJW2WT6ZDLU/339d9f42-593a-464a-b925-47107c4b657c.jpg</imageUrl><dimension><width>400</width><height>400</height></dimension></baseImage><label>Texte frontal</label><type>PreviewContainerCustomization</type><snapshot><imageName>10ab1eb5-13b8-4039-ad38-8b468ccc8fde.jpg</imageName><dimension><width>400</width><height>400</height></dimension></snapshot></children><children><children><children><children><label>Typographie</label><type>FontCustomization</type><fontSelection><family>Tangerine</family></fontSelection></children><children><colorSelection><name>Negro</name><colorModel>rgb</colorModel><value>#000000</value></colorSelection><label>Couleur</label><type>ColorCustomization</type></children><children><children><children><inputValue>Lisandro </inputValue><label>Texte latéral</label><type>TextCustomization</type></children><name>Entrada de texto 1</name><label>Entrada de texto 1</label><position><x>165</x><y>289</y></position><type>PlacementContainerCustomization</type><dimension><width>76</width><height>38</height></dimension></children><type>ContainerCustomization</type></children><name>Texto 1</name><label>Texto 1</label><type>ContainerCustomization</type></children><type>FlatContainerCustomization</type></children><svg>ea81a1f5-0d41-86b4-8e03-5cafa0a830bc.svg</svg><name>Superficie 2</name><baseImage><imageUrl>https://m.media-amazon.com/images/S/gestalt-seller-images-prod-eu-west-1/A13V1IB3VIYZZH/A1JLJW2WT6ZDLU/b845a94d-4d6f-4e94-b60f-51f01622469b.jpg</imageUrl><dimension><width>400</width><height>400</height></dimension></baseImage><label>Texte latéral</label><type>PreviewContainerCustomization</type><snapshot><imageName>d918bffe-be5e-7a3c-b862-00578b841374.jpg</imageName><dimension><width>400</width><height>400</height></dimension></snapshot></children><type>PageContainerCustomization</type></customizationData><orderItemId>28475373361042</orderItemId><asin>B0914GSSBG</asin><customizationInfo><version3.0><surfaces><name>Texte frontal</name><areas><colorName>Negro</colorName><fontFamily>Tangerine</fontFamily><Position><x>168</x><y>271</y></Position><name>Entrada de texto 1</name><Dimensions><width>68</width><height>60</height></Dimensions><label>Texte frontal</label><text>Mon Baptême </text><fill>#000000</fill><customizationType>TextPrinting</customizationType></areas></surfaces><surfaces><name>Texte latéral</name><areas><colorName>Negro</colorName><fontFamily>Tangerine</fontFamily><Position><x>165</x><y>289</y></Position><name>Entrada de texto 1</name><Dimensions><width>76</width><height>38</height></Dimensions><label>Texte latéral</label><text>Lisandro </text><fill>#000000</fill><customizationType>TextPrinting</customizationType></areas></surfaces></version3.0></customizationInfo><title>15 Autocollants de bouteille personnalisés pour les mariages et les célébrations de mariage. Autocollants avec nom à coller sur les bouteilles d&apos;eau 33 cl. Résistant à l&apos;eau et au lave-vaisselle.</title><legacyOrderItemId>21415033692811</legacyOrderItemId></data>