<data><marketplaceId>A1F83G8C2ARO7P</marketplaceId><quantity>1</quantity><orderId>206-9269497-7113120</orderId><merchantId>A1JLJW2WT6ZDLU</merchantId><customizationData><children><children><children><children><name>Font Name</name><label>Font Name</label><type>FontCustomization</type><fontSelection><family>Trebuchet</family></fontSelection></children><children><colorSelection><name>Black</name><colorModel>rgb</colorModel><value>#000000</value></colorSelection><label>Font Colour</label><type>ColorCustomization</type></children><children><children><children><name>Name to print</name><inputValue>Gillian Cummings</inputValue><label>Name</label><type>TextCustomization</type></children><position><x>87</x><y>161</y></position><type>PlacementContainerCustomization</type><dimension><width>225</width><height>36</height></dimension></children><type>ContainerCustomization</type></children><name>TextInput</name><label>Text Input</label><type>ContainerCustomization</type></children><type>FlatContainerCustomization</type></children><svg>0958cabd-7c8b-125f-bb54-fac8f7d6f3db.svg</svg><name>Personalised TEXT</name><baseImage><imageUrl>https://m.media-amazon.com/images/S/pc-vendor-gallery-prod-eu/A1JLJW2WT6ZDLU/productImage/2018-07-24/9ec3d6e2-40f0-48fc-a60e-d38bad139596.jpg</imageUrl><dimension><width>400</width><height>400</height></dimension></baseImage><label>Personalised TEXT</label><type>PreviewContainerCustomization</type><snapshot><imageName>daa88daf-c434-0112-41dc-aefe0a02327b.jpg</imageName><dimension><width>400</width><height>400</height></dimension></snapshot></children><type>PageContainerCustomization</type></customizationData><orderItemId>28475455453202</orderItemId><asin>B00P82Y948</asin><customizationInfo><version3.0><surfaces><name>Personalised TEXT</name><areas><colorName>Black</colorName><fontFamily>Trebuchet</fontFamily><Position><x>87</x><y>161</y></Position><name>Name to print</name><Dimensions><width>225</width><height>36</height></Dimensions><label>Name</label><text>Gillian Cummings</text><fill>#000000</fill><customizationType>TextPrinting</customizationType></areas></surfaces></version3.0></customizationInfo><title>100 Personalised Clothing Labels, Clothes Name Labels Thermo-Adhesive. Iron-on Fabric Labels to Mark Your Clothes. Ideal for Children&apos;s School Uniform, Kids School. Customizable Labels.</title><legacyOrderItemId>18345134888459</legacyOrderItemId></data>