<data><marketplaceId>A1PA6795UKMFR9</marketplaceId><quantity>1</quantity><orderId>304-2960870-1505101</orderId><merchantId>A1JLJW2WT6ZDLU</merchantId><customizationData><children><children><children><displayValue>Grau</displayValue><name>Farbe</name><label>Farbe</label><type>OptionCustomization</type><optionSelection><overlayImage><imageUrl>https://m.media-amazon.com/images/S/gestalt-seller-images-prod-eu-west-1/A1PA6795UKMFR9/A1JLJW2WT6ZDLU/d8284182-26d5-4ac6-8947-0d5db847d581.jpg</imageUrl><dimension><width>400</width><height>400</height></dimension></overlayImage><label>Grau</label><additionalCost><amount>0</amount><currency>USD</currency></additionalCost></optionSelection></children><children><displayValue>4. Deutschland</displayValue><name>Flaggen</name><label>Flaggen</label><type>OptionCustomization</type><optionSelection><overlayImage><imageUrl>https://m.media-amazon.com/images/S/gestalt-seller-images-prod-eu-west-1/A1PA6795UKMFR9/A1JLJW2WT6ZDLU/01cb62ca-a024-4a88-a751-a6ec1fbf068a.png</imageUrl><dimension><width>400</width><height>400</height></dimension></overlayImage><label>4. Deutschland</label><thumbnailImage><imageUrl>https://m.media-amazon.com/images/S/gestalt-seller-images-prod-eu-west-1/A1PA6795UKMFR9/A1JLJW2WT6ZDLU/21cac964-89d3-4ab5-9138-bd29e36108eb.png</imageUrl><dimension><width>200</width><height>200</height></dimension></thumbnailImage><additionalCost><amount>0</amount><currency>USD</currency></additionalCost></optionSelection></children><children><displayValue>Nein</displayValue><name>Schutzfolie</name><label>Schutzfolie</label><type>OptionCustomization</type><optionSelection><label>Nein</label><additionalCost><amount>0</amount><currency>USD</currency></additionalCost></optionSelection></children><children><children><label>Schriftart</label><type>FontCustomization</type><fontSelection><family>Futurist</family></fontSelection></children><children><colorSelection><name>Weiß  </name><colorModel>rgb</colorModel><value>#fff</value></colorSelection><label>Schriftfarbe</label><type>ColorCustomization</type></children><children><children><children><children><inputValue>MARCUS</inputValue><label>Text</label><type>TextCustomization</type></children><priceDelta><amount>0</amount></priceDelta><type>FlatRatePriceDeltaContainerCustomization</type></children><name>Text</name><position><x>136</x><y>139</y></position><type>PlacementContainerCustomization</type><dimension><width>242</width><height>50</height></dimension></children><type>ContainerCustomization</type></children><name>Texteingabe</name><type>ContainerCustomization</type></children><type>FlatContainerCustomization</type></children><svg>53f0a19a-8186-c0df-faf0-61d228b7fa25.svg</svg><name>Hintergrund</name><baseImage><imageUrl>https://m.media-amazon.com/images/S/gestalt-seller-images-prod-eu-west-1/A1PA6795UKMFR9/A1JLJW2WT6ZDLU/c1cb5e1e-cbd7-4b72-91f4-681b94572216.jpg</imageUrl><dimension><width>400</width><height>400</height></dimension></baseImage><label>Hintergrund</label><type>PreviewContainerCustomization</type><snapshot><imageName>79f3710b-cf9c-1420-298e-b70df31547ca.jpg</imageName><dimension><width>400</width><height>400</height></dimension></snapshot></children><type>PageContainerCustomization</type></customizationData><orderItemId>28476861463882</orderItemId><asin>B07RS3TT72</asin><customizationInfo><version3.0><surfaces><name>Hintergrund</name><areas><optionValue>Grau</optionValue><name>Farbe</name><priceDelta><currency>USD</currency><value>0.0</value></priceDelta><label>Farbe</label><customizationType>Options</customizationType><optionImage>https://m.media-amazon.com/images/S/gestalt-seller-images-prod-eu-west-1/A1PA6795UKMFR9/A1JLJW2WT6ZDLU/d8284182-26d5-4ac6-8947-0d5db847d581.jpg</optionImage></areas><areas><optionValue>4. Deutschland</optionValue><name>Flaggen</name><priceDelta><currency>USD</currency><value>0.0</value></priceDelta><label>Flaggen</label><customizationType>Options</customizationType><optionImage>https://m.media-amazon.com/images/S/gestalt-seller-images-prod-eu-west-1/A1PA6795UKMFR9/A1JLJW2WT6ZDLU/01cb62ca-a024-4a88-a751-a6ec1fbf068a.png</optionImage></areas><areas><optionValue>Nein</optionValue><name>Schutzfolie</name><priceDelta><currency>USD</currency><value>0.0</value></priceDelta><label>Schutzfolie</label><customizationType>Options</customizationType><optionImage/></areas><areas><colorName>Weiß  </colorName><fontFamily>Futurist</fontFamily><Position><x>136</x><y>139</y></Position><name>Text</name><Dimensions><width>242</width><height>50</height></Dimensions><priceDelta><value>0.0</value></priceDelta><label>Text</label><text>MARCUS</text><fill>#fff</fill><customizationType>TextPrinting</customizationType></areas></surfaces></version3.0></customizationInfo><title>9 Flaggenaufkleber mit personalisiertem Namen für Fahrräder, Motorräder, Autos und Elektroroller. Klebeetiketten mit personalisierten Flaggen. Wasserdichtes selbstklebendes Vinyl für Fahrzeuge</title><legacyOrderItemId>26657500396595</legacyOrderItemId></data>