<data><marketplaceId>A13V1IB3VIYZZH</marketplaceId><quantity>1</quantity><orderId>404-6726415-3706728</orderId><merchantId>A1JLJW2WT6ZDLU</merchantId><customizationData><children><children><children><children><label>Nom de la police</label><type>FontCustomization</type><fontSelection><family>Trebuchet</family></fontSelection></children><children><colorSelection><name>Negro</name><colorModel>rgb</colorModel><value>#000000</value></colorSelection><label>Couleur de police</label><type>ColorCustomization</type></children><children><children><children><inputValue>Cheryline.tertrain</inputValue><label>Nom</label><type>TextCustomization</type></children><name>Entrada de texto 1</name><label>Entrada de texto 1</label><position><x>94</x><y>162</y></position><type>PlacementContainerCustomization</type><dimension><width>221</width><height>38</height></dimension></children><type>ContainerCustomization</type></children><name>Texto 1</name><label>Texto 1</label><type>ContainerCustomization</type></children><type>FlatContainerCustomization</type></children><svg>036509dc-e891-6fd8-5360-47be1af60d74.svg</svg><name>Superficie 1</name><baseImage><imageUrl>https://m.media-amazon.com/images/S/gestalt-seller-images-prod-eu-west-1/A13V1IB3VIYZZH/A1JLJW2WT6ZDLU/79f06ae0-2939-4769-ac17-54bf6cde2e6c.jpg</imageUrl><dimension><width>400</width><height>400</height></dimension></baseImage><label>Nom</label><type>PreviewContainerCustomization</type><snapshot><imageName>1ae5bc4b-909e-5b94-6e99-83dc0b6da2de.jpg</imageName><dimension><width>400</width><height>400</height></dimension></snapshot></children><type>PageContainerCustomization</type></customizationData><orderItemId>28475483002442</orderItemId><asin>B08GSSM7SQ</asin><customizationInfo><version3.0><surfaces><name>Nom</name><areas><colorName>Negro</colorName><fontFamily>Trebuchet</fontFamily><Position><x>94</x><y>162</y></Position><name>Entrada de texto 1</name><Dimensions><width>221</width><height>38</height></Dimensions><label>Nom</label><text>Cheryline.tertrain</text><fill>#000000</fill><customizationType>TextPrinting</customizationType></areas></surfaces></version3.0></customizationInfo><title>200 Étiquettes vêtements thermocollantes - Les uniques étiquettes autocollantes personnalisées avec CERTIFICAT ÉCOLOGIQUE Stickers Personalisés tissu à fixer au fer à repasser, conçu pour les enfants</title><legacyOrderItemId>68812945654579</legacyOrderItemId></data>